PRAGMA foreign_keys = OFF;
INSERT OR IGNORE INTO league_times (id, region, start_time_utc, display_name, slot_order) VALUES ('06:00', 'EMEA', '06:00', '06:00 CEST', 0);
INSERT OR IGNORE INTO league_times (id, region, start_time_utc, display_name, slot_order) VALUES ('07:00', 'EMEA', '07:00', '07:00 CEST', 1);
INSERT OR IGNORE INTO league_times (id, region, start_time_utc, display_name, slot_order) VALUES ('07:30', 'EMEA', '07:30', '07:30 CEST', 2);
INSERT OR IGNORE INTO league_times (id, region, start_time_utc, display_name, slot_order) VALUES ('09:30', 'EMEA', '09:30', '09:30 CEST', 3);
INSERT OR IGNORE INTO league_times (id, region, start_time_utc, display_name, slot_order) VALUES ('10:30', 'EMEA', '10:30', '10:30 CEST', 4);
INSERT OR IGNORE INTO league_times (id, region, start_time_utc, display_name, slot_order) VALUES ('11:30', 'EMEA', '11:30', '11:30 CEST', 5);
INSERT OR IGNORE INTO league_times (id, region, start_time_utc, display_name, slot_order) VALUES ('12:00', 'EMEA', '12:00', '12:00 CEST', 6);
INSERT OR IGNORE INTO league_times (id, region, start_time_utc, display_name, slot_order) VALUES ('13:00', 'EMEA', '13:00', '13:00 CEST', 7);
INSERT OR IGNORE INTO league_times (id, region, start_time_utc, display_name, slot_order) VALUES ('14:00', 'EMEA', '14:00', '14:00 CEST', 8);
INSERT OR IGNORE INTO league_times (id, region, start_time_utc, display_name, slot_order) VALUES ('18:00', 'EMEA', '18:00', '18:00 CEST', 9);
INSERT OR IGNORE INTO league_times (id, region, start_time_utc, display_name, slot_order) VALUES ('18:30', 'EMEA', '18:30', '18:30 CEST', 10);
INSERT OR IGNORE INTO league_times (id, region, start_time_utc, display_name, slot_order) VALUES ('19:00', 'EMEA', '19:00', '19:00 CEST', 11);
INSERT OR IGNORE INTO league_times (id, region, start_time_utc, display_name, slot_order) VALUES ('19:15', 'EMEA', '19:15', '19:15 CEST', 12);
INSERT OR IGNORE INTO league_times (id, region, start_time_utc, display_name, slot_order) VALUES ('19:30', 'EMEA', '19:30', '19:30 CEST', 13);
INSERT OR IGNORE INTO league_times (id, region, start_time_utc, display_name, slot_order) VALUES ('19:45', 'EMEA', '19:45', '19:45 CEST', 14);
INSERT OR IGNORE INTO league_times (id, region, start_time_utc, display_name, slot_order) VALUES ('20:00', 'EMEA', '20:00', '20:00 CEST', 15);
INSERT OR IGNORE INTO league_times (id, region, start_time_utc, display_name, slot_order) VALUES ('20:15', 'EMEA', '20:15', '20:15 CEST', 16);
INSERT OR IGNORE INTO league_times (id, region, start_time_utc, display_name, slot_order) VALUES ('20:30', 'EMEA', '20:30', '20:30 CEST', 17);
INSERT OR IGNORE INTO league_times (id, region, start_time_utc, display_name, slot_order) VALUES ('20:45', 'EMEA', '20:45', '20:45 CEST', 18);
INSERT INTO athletes (zwid, name, email, base_category, role) VALUES (3252657, 'Andrea Cerri', 'a.cerri75@gmail.com', 'A', 'user') ON CONFLICT(zwid) DO UPDATE SET name=excluded.name, base_category=excluded.base_category;
INSERT OR IGNORE INTO teams (name, category) VALUES ('ELITE', 'A');
INSERT OR IGNORE INTO team_members (team_id, athlete_id) SELECT id, 3252657 FROM teams WHERE name = 'ELITE';
DELETE FROM user_time_preferences WHERE zwid = 3252657;
INSERT INTO user_time_preferences (zwid, time_slot_id, preference_level) VALUES (3252657, '06:00', 0);
INSERT INTO user_time_preferences (zwid, time_slot_id, preference_level) VALUES (3252657, '07:00', 0);
INSERT INTO user_time_preferences (zwid, time_slot_id, preference_level) VALUES (3252657, '07:30', 0);
INSERT INTO user_time_preferences (zwid, time_slot_id, preference_level) VALUES (3252657, '09:30', 0);
INSERT INTO user_time_preferences (zwid, time_slot_id, preference_level) VALUES (3252657, '10:30', 0);
INSERT INTO user_time_preferences (zwid, time_slot_id, preference_level) VALUES (3252657, '11:30', 0);
INSERT INTO user_time_preferences (zwid, time_slot_id, preference_level) VALUES (3252657, '12:00', 0);
INSERT INTO user_time_preferences (zwid, time_slot_id, preference_level) VALUES (3252657, '13:00', 0);
INSERT INTO user_time_preferences (zwid, time_slot_id, preference_level) VALUES (3252657, '14:00', 0);
INSERT INTO user_time_preferences (zwid, time_slot_id, preference_level) VALUES (3252657, '18:00', 1);
INSERT INTO user_time_preferences (zwid, time_slot_id, preference_level) VALUES (3252657, '18:30', 1);
INSERT INTO user_time_preferences (zwid, time_slot_id, preference_level) VALUES (3252657, '19:00', 2);
INSERT INTO user_time_preferences (zwid, time_slot_id, preference_level) VALUES (3252657, '19:15', 2);
INSERT INTO user_time_preferences (zwid, time_slot_id, preference_level) VALUES (3252657, '19:30', 2);
INSERT INTO user_time_preferences (zwid, time_slot_id, preference_level) VALUES (3252657, '19:45', 2);
INSERT INTO user_time_preferences (zwid, time_slot_id, preference_level) VALUES (3252657, '20:00', 2);
INSERT INTO user_time_preferences (zwid, time_slot_id, preference_level) VALUES (3252657, '20:15', 1);
INSERT INTO user_time_preferences (zwid, time_slot_id, preference_level) VALUES (3252657, '20:30', 1);
INSERT INTO user_time_preferences (zwid, time_slot_id, preference_level) VALUES (3252657, '20:45', 1);
INSERT INTO athletes (zwid, name, email, base_category, role) VALUES (3092045, 'Cristian Collesei', 'cristiancollesei@libero.it', 'A', 'user') ON CONFLICT(zwid) DO UPDATE SET name=excluded.name, base_category=excluded.base_category;
INSERT OR IGNORE INTO team_members (team_id, athlete_id) SELECT id, 3092045 FROM teams WHERE name = 'ELITE';
DELETE FROM user_time_preferences WHERE zwid = 3092045;
INSERT INTO athletes (zwid, name, email, base_category, role) VALUES (413798, 'Francesco Avesani', 'francesco.avesani@gmail.com', 'A', 'user') ON CONFLICT(zwid) DO UPDATE SET name=excluded.name, base_category=excluded.base_category;
INSERT OR IGNORE INTO team_members (team_id, athlete_id) SELECT id, 413798 FROM teams WHERE name = 'ELITE';
DELETE FROM user_time_preferences WHERE zwid = 413798;
INSERT INTO athletes (zwid, name, email, base_category, role) VALUES (6778481, 'Giovanni Bettega', 'gbettega71@gmail.com', 'A', 'user') ON CONFLICT(zwid) DO UPDATE SET name=excluded.name, base_category=excluded.base_category;
INSERT OR IGNORE INTO team_members (team_id, athlete_id) SELECT id, 6778481 FROM teams WHERE name = 'ELITE';
DELETE FROM user_time_preferences WHERE zwid = 6778481;
INSERT INTO athletes (zwid, name, email, base_category, role) VALUES (2320632, 'Giovanni Guerrera', 'gioadry12@gmail.com', 'A', 'user') ON CONFLICT(zwid) DO UPDATE SET name=excluded.name, base_category=excluded.base_category;
INSERT OR IGNORE INTO team_members (team_id, athlete_id) SELECT id, 2320632 FROM teams WHERE name = 'ELITE';
DELETE FROM user_time_preferences WHERE zwid = 2320632;
INSERT INTO athletes (zwid, name, email, base_category, role) VALUES (5965851, 'Guido Lamet', 'guido.lamet@gmail.com', 'A', 'user') ON CONFLICT(zwid) DO UPDATE SET name=excluded.name, base_category=excluded.base_category;
INSERT OR IGNORE INTO team_members (team_id, athlete_id) SELECT id, 5965851 FROM teams WHERE name = 'ELITE';
DELETE FROM user_time_preferences WHERE zwid = 5965851;
INSERT INTO athletes (zwid, name, email, base_category, role) VALUES (6057042, 'Gerolamo Vigorelli', 'gerolamo.v@gmail.com', 'A', 'user') ON CONFLICT(zwid) DO UPDATE SET name=excluded.name, base_category=excluded.base_category;
DELETE FROM user_time_preferences WHERE zwid = 6057042;
INSERT INTO athletes (zwid, name, email, base_category, role) VALUES (3139160, 'Giuseppe Malinconico', 'peppemal90@gmail.com', 'A', 'user') ON CONFLICT(zwid) DO UPDATE SET name=excluded.name, base_category=excluded.base_category;
DELETE FROM user_time_preferences WHERE zwid = 3139160;
INSERT INTO user_time_preferences (zwid, time_slot_id, preference_level) VALUES (3139160, '06:00', 0);
INSERT INTO user_time_preferences (zwid, time_slot_id, preference_level) VALUES (3139160, '07:00', 0);
INSERT INTO user_time_preferences (zwid, time_slot_id, preference_level) VALUES (3139160, '07:30', 0);
INSERT INTO user_time_preferences (zwid, time_slot_id, preference_level) VALUES (3139160, '09:30', 0);
INSERT INTO user_time_preferences (zwid, time_slot_id, preference_level) VALUES (3139160, '10:30', 0);
INSERT INTO user_time_preferences (zwid, time_slot_id, preference_level) VALUES (3139160, '11:30', 0);
INSERT INTO user_time_preferences (zwid, time_slot_id, preference_level) VALUES (3139160, '12:00', 0);
INSERT INTO user_time_preferences (zwid, time_slot_id, preference_level) VALUES (3139160, '13:00', 1);
INSERT INTO user_time_preferences (zwid, time_slot_id, preference_level) VALUES (3139160, '14:00', 1);
INSERT INTO user_time_preferences (zwid, time_slot_id, preference_level) VALUES (3139160, '18:00', 1);
INSERT INTO user_time_preferences (zwid, time_slot_id, preference_level) VALUES (3139160, '18:30', 2);
INSERT INTO user_time_preferences (zwid, time_slot_id, preference_level) VALUES (3139160, '19:00', 2);
INSERT INTO user_time_preferences (zwid, time_slot_id, preference_level) VALUES (3139160, '19:15', 2);
INSERT INTO user_time_preferences (zwid, time_slot_id, preference_level) VALUES (3139160, '19:30', 1);
INSERT INTO user_time_preferences (zwid, time_slot_id, preference_level) VALUES (3139160, '19:45', 1);
INSERT INTO user_time_preferences (zwid, time_slot_id, preference_level) VALUES (3139160, '20:00', 1);
INSERT INTO user_time_preferences (zwid, time_slot_id, preference_level) VALUES (3139160, '20:15', 0);
INSERT INTO user_time_preferences (zwid, time_slot_id, preference_level) VALUES (3139160, '20:30', 0);
INSERT INTO user_time_preferences (zwid, time_slot_id, preference_level) VALUES (3139160, '20:45', 0);
INSERT INTO athletes (zwid, name, email, base_category, role) VALUES (6796084, 'Lee Main', 'lm@atn-group.co.uk', 'A', 'user') ON CONFLICT(zwid) DO UPDATE SET name=excluded.name, base_category=excluded.base_category;
DELETE FROM user_time_preferences WHERE zwid = 6796084;
INSERT INTO athletes (zwid, name, email, base_category, role) VALUES (6145554, 'Michele Cervellin', 'michelecervellin@hotmail.it', 'A', 'user') ON CONFLICT(zwid) DO UPDATE SET name=excluded.name, base_category=excluded.base_category;
DELETE FROM user_time_preferences WHERE zwid = 6145554;
INSERT INTO athletes (zwid, name, email, base_category, role) VALUES (4379545, 'Mirko Gritti', 'mirko90gt@hotmail.it', 'A', 'user') ON CONFLICT(zwid) DO UPDATE SET name=excluded.name, base_category=excluded.base_category;
DELETE FROM user_time_preferences WHERE zwid = 4379545;
INSERT INTO athletes (zwid, name, email, base_category, role) VALUES (4333414, 'Paolo Spadaro', 'Paolo.spadaro69@gmail.com', 'A', 'user') ON CONFLICT(zwid) DO UPDATE SET name=excluded.name, base_category=excluded.base_category;
DELETE FROM user_time_preferences WHERE zwid = 4333414;
INSERT INTO athletes (zwid, name, email, base_category, role) VALUES (1076112, 'Simone Magi', 'simo.ptrainer@gmail.com', 'A', 'user') ON CONFLICT(zwid) DO UPDATE SET name=excluded.name, base_category=excluded.base_category;
DELETE FROM user_time_preferences WHERE zwid = 1076112;
INSERT INTO athletes (zwid, name, email, base_category, role) VALUES (1798563, 'Alfredo Bertelli', 'alfred.bertelli@gmail.com', 'B', 'user') ON CONFLICT(zwid) DO UPDATE SET name=excluded.name, base_category=excluded.base_category;
INSERT OR IGNORE INTO teams (name, category) VALUES ('BERSERK', 'B');
INSERT OR IGNORE INTO team_members (team_id, athlete_id) SELECT id, 1798563 FROM teams WHERE name = 'BERSERK';
DELETE FROM user_time_preferences WHERE zwid = 1798563;
INSERT INTO athletes (zwid, name, email, base_category, role) VALUES (1684452, 'Giulio Strazzulla', 'giuliostrazzulla@gmail.com', 'B', 'user') ON CONFLICT(zwid) DO UPDATE SET name=excluded.name, base_category=excluded.base_category;
INSERT OR IGNORE INTO team_members (team_id, athlete_id) SELECT id, 1684452 FROM teams WHERE name = 'BERSERK';
DELETE FROM user_time_preferences WHERE zwid = 1684452;
INSERT INTO user_time_preferences (zwid, time_slot_id, preference_level) VALUES (1684452, '18:00', 2);
INSERT INTO user_time_preferences (zwid, time_slot_id, preference_level) VALUES (1684452, '18:30', 2);
INSERT INTO user_time_preferences (zwid, time_slot_id, preference_level) VALUES (1684452, '19:00', 2);
INSERT INTO athletes (zwid, name, email, base_category, role) VALUES (6922219, 'Nicholas Malvicini', 'nicholas.malvi@yahoo.com', 'B', 'user') ON CONFLICT(zwid) DO UPDATE SET name=excluded.name, base_category=excluded.base_category;
INSERT OR IGNORE INTO team_members (team_id, athlete_id) SELECT id, 6922219 FROM teams WHERE name = 'BERSERK';
DELETE FROM user_time_preferences WHERE zwid = 6922219;
INSERT INTO user_time_preferences (zwid, time_slot_id, preference_level) VALUES (6922219, '06:00', 0);
INSERT INTO user_time_preferences (zwid, time_slot_id, preference_level) VALUES (6922219, '07:00', 0);
INSERT INTO user_time_preferences (zwid, time_slot_id, preference_level) VALUES (6922219, '07:30', 0);
INSERT INTO user_time_preferences (zwid, time_slot_id, preference_level) VALUES (6922219, '09:30', 0);
INSERT INTO user_time_preferences (zwid, time_slot_id, preference_level) VALUES (6922219, '10:30', 0);
INSERT INTO user_time_preferences (zwid, time_slot_id, preference_level) VALUES (6922219, '11:30', 0);
INSERT INTO user_time_preferences (zwid, time_slot_id, preference_level) VALUES (6922219, '12:00', 0);
INSERT INTO user_time_preferences (zwid, time_slot_id, preference_level) VALUES (6922219, '13:00', 0);
INSERT INTO user_time_preferences (zwid, time_slot_id, preference_level) VALUES (6922219, '14:00', 0);
INSERT INTO user_time_preferences (zwid, time_slot_id, preference_level) VALUES (6922219, '18:00', 0);
INSERT INTO user_time_preferences (zwid, time_slot_id, preference_level) VALUES (6922219, '18:30', 0);
INSERT INTO user_time_preferences (zwid, time_slot_id, preference_level) VALUES (6922219, '19:00', 0);
INSERT INTO user_time_preferences (zwid, time_slot_id, preference_level) VALUES (6922219, '19:15', 0);
INSERT INTO user_time_preferences (zwid, time_slot_id, preference_level) VALUES (6922219, '19:30', 1);
INSERT INTO user_time_preferences (zwid, time_slot_id, preference_level) VALUES (6922219, '19:45', 1);
INSERT INTO user_time_preferences (zwid, time_slot_id, preference_level) VALUES (6922219, '20:00', 2);
INSERT INTO user_time_preferences (zwid, time_slot_id, preference_level) VALUES (6922219, '20:15', 2);
INSERT INTO user_time_preferences (zwid, time_slot_id, preference_level) VALUES (6922219, '20:30', 2);
INSERT INTO user_time_preferences (zwid, time_slot_id, preference_level) VALUES (6922219, '20:45', 1);
INSERT INTO athletes (zwid, name, email, base_category, role) VALUES (6057167, 'Federico Garavaglia', 'federico-garavaglia@hotmail.it', 'B', 'user') ON CONFLICT(zwid) DO UPDATE SET name=excluded.name, base_category=excluded.base_category;
INSERT OR IGNORE INTO teams (name, category) VALUES ('DEV', 'B');
INSERT OR IGNORE INTO team_members (team_id, athlete_id) SELECT id, 6057167 FROM teams WHERE name = 'DEV';
DELETE FROM user_time_preferences WHERE zwid = 6057167;
INSERT INTO athletes (zwid, name, email, base_category, role) VALUES (2006706, 'Francesco Salis', 'salis.francesco@gmail.com', 'B', 'user') ON CONFLICT(zwid) DO UPDATE SET name=excluded.name, base_category=excluded.base_category;
INSERT OR IGNORE INTO team_members (team_id, athlete_id) SELECT id, 2006706 FROM teams WHERE name = 'DEV';
DELETE FROM user_time_preferences WHERE zwid = 2006706;
INSERT INTO athletes (zwid, name, email, base_category, role) VALUES (789201, 'Gianmarco Donetti', 'gianmarco.donetti@yahoo.it', 'B', 'user') ON CONFLICT(zwid) DO UPDATE SET name=excluded.name, base_category=excluded.base_category;
INSERT OR IGNORE INTO team_members (team_id, athlete_id) SELECT id, 789201 FROM teams WHERE name = 'DEV';
DELETE FROM user_time_preferences WHERE zwid = 789201;
INSERT INTO athletes (zwid, name, email, base_category, role) VALUES (904546, 'Giuseppe Durante', 'gdurante50@hotmail.com', 'B', 'user') ON CONFLICT(zwid) DO UPDATE SET name=excluded.name, base_category=excluded.base_category;
INSERT OR IGNORE INTO team_members (team_id, athlete_id) SELECT id, 904546 FROM teams WHERE name = 'DEV';
DELETE FROM user_time_preferences WHERE zwid = 904546;
INSERT INTO athletes (zwid, name, email, base_category, role) VALUES (4314738, 'Horse Crazy', 'tetopezz1968@gmail.com', 'B', 'user') ON CONFLICT(zwid) DO UPDATE SET name=excluded.name, base_category=excluded.base_category;
INSERT OR IGNORE INTO team_members (team_id, athlete_id) SELECT id, 4314738 FROM teams WHERE name = 'DEV';
DELETE FROM user_time_preferences WHERE zwid = 4314738;
INSERT INTO athletes (zwid, name, email, base_category, role) VALUES (4412965, 'Luigi Buso', 'arche.snc@gmail.com', 'B', 'user') ON CONFLICT(zwid) DO UPDATE SET name=excluded.name, base_category=excluded.base_category;
INSERT OR IGNORE INTO team_members (team_id, athlete_id) SELECT id, 4412965 FROM teams WHERE name = 'DEV';
DELETE FROM user_time_preferences WHERE zwid = 4412965;
INSERT INTO athletes (zwid, name, email, base_category, role) VALUES (5280007, 'Massimiliano Caccia', 'cacciamassimiliano@gmail.com', 'B', 'user') ON CONFLICT(zwid) DO UPDATE SET name=excluded.name, base_category=excluded.base_category;
INSERT OR IGNORE INTO team_members (team_id, athlete_id) SELECT id, 5280007 FROM teams WHERE name = 'DEV';
DELETE FROM user_time_preferences WHERE zwid = 5280007;
INSERT INTO athletes (zwid, name, email, base_category, role) VALUES (4686799, 'Roberto Pegoraro', 'roberto-pegoraro@outlook.com', 'B', 'user') ON CONFLICT(zwid) DO UPDATE SET name=excluded.name, base_category=excluded.base_category;
INSERT OR IGNORE INTO team_members (team_id, athlete_id) SELECT id, 4686799 FROM teams WHERE name = 'DEV';
DELETE FROM user_time_preferences WHERE zwid = 4686799;
INSERT INTO user_time_preferences (zwid, time_slot_id, preference_level) VALUES (4686799, '06:00', 0);
INSERT INTO user_time_preferences (zwid, time_slot_id, preference_level) VALUES (4686799, '07:00', 0);
INSERT INTO user_time_preferences (zwid, time_slot_id, preference_level) VALUES (4686799, '07:30', 0);
INSERT INTO user_time_preferences (zwid, time_slot_id, preference_level) VALUES (4686799, '09:30', 0);
INSERT INTO user_time_preferences (zwid, time_slot_id, preference_level) VALUES (4686799, '10:30', 0);
INSERT INTO user_time_preferences (zwid, time_slot_id, preference_level) VALUES (4686799, '11:30', 0);
INSERT INTO user_time_preferences (zwid, time_slot_id, preference_level) VALUES (4686799, '12:00', 0);
INSERT INTO user_time_preferences (zwid, time_slot_id, preference_level) VALUES (4686799, '13:00', 0);
INSERT INTO user_time_preferences (zwid, time_slot_id, preference_level) VALUES (4686799, '14:00', 0);
INSERT INTO user_time_preferences (zwid, time_slot_id, preference_level) VALUES (4686799, '18:00', 0);
INSERT INTO user_time_preferences (zwid, time_slot_id, preference_level) VALUES (4686799, '18:30', 0);
INSERT INTO user_time_preferences (zwid, time_slot_id, preference_level) VALUES (4686799, '19:00', 2);
INSERT INTO user_time_preferences (zwid, time_slot_id, preference_level) VALUES (4686799, '19:15', 2);
INSERT INTO user_time_preferences (zwid, time_slot_id, preference_level) VALUES (4686799, '19:30', 2);
INSERT INTO user_time_preferences (zwid, time_slot_id, preference_level) VALUES (4686799, '19:45', 2);
INSERT INTO user_time_preferences (zwid, time_slot_id, preference_level) VALUES (4686799, '20:00', 2);
INSERT INTO user_time_preferences (zwid, time_slot_id, preference_level) VALUES (4686799, '20:15', 0);
INSERT INTO user_time_preferences (zwid, time_slot_id, preference_level) VALUES (4686799, '20:30', 0);
INSERT INTO user_time_preferences (zwid, time_slot_id, preference_level) VALUES (4686799, '20:45', 0);
INSERT INTO athletes (zwid, name, email, base_category, role) VALUES (1120055, 'Andrew Jones', 'andrewjones2@sky.com', 'B', 'user') ON CONFLICT(zwid) DO UPDATE SET name=excluded.name, base_category=excluded.base_category;
INSERT OR IGNORE INTO teams (name, category) VALUES ('MADNESS', 'B');
INSERT OR IGNORE INTO team_members (team_id, athlete_id) SELECT id, 1120055 FROM teams WHERE name = 'MADNESS';
DELETE FROM user_time_preferences WHERE zwid = 1120055;
INSERT INTO user_time_preferences (zwid, time_slot_id, preference_level) VALUES (1120055, '06:00', 0);
INSERT INTO user_time_preferences (zwid, time_slot_id, preference_level) VALUES (1120055, '07:00', 0);
INSERT INTO user_time_preferences (zwid, time_slot_id, preference_level) VALUES (1120055, '07:30', 0);
INSERT INTO user_time_preferences (zwid, time_slot_id, preference_level) VALUES (1120055, '09:30', 0);
INSERT INTO user_time_preferences (zwid, time_slot_id, preference_level) VALUES (1120055, '10:30', 0);
INSERT INTO user_time_preferences (zwid, time_slot_id, preference_level) VALUES (1120055, '11:30', 0);
INSERT INTO user_time_preferences (zwid, time_slot_id, preference_level) VALUES (1120055, '12:00', 0);
INSERT INTO user_time_preferences (zwid, time_slot_id, preference_level) VALUES (1120055, '13:00', 0);
INSERT INTO user_time_preferences (zwid, time_slot_id, preference_level) VALUES (1120055, '14:00', 0);
INSERT INTO user_time_preferences (zwid, time_slot_id, preference_level) VALUES (1120055, '18:00', 2);
INSERT INTO user_time_preferences (zwid, time_slot_id, preference_level) VALUES (1120055, '18:30', 2);
INSERT INTO user_time_preferences (zwid, time_slot_id, preference_level) VALUES (1120055, '19:00', 2);
INSERT INTO user_time_preferences (zwid, time_slot_id, preference_level) VALUES (1120055, '19:15', 1);
INSERT INTO user_time_preferences (zwid, time_slot_id, preference_level) VALUES (1120055, '19:30', 1);
INSERT INTO user_time_preferences (zwid, time_slot_id, preference_level) VALUES (1120055, '19:45', 0);
INSERT INTO user_time_preferences (zwid, time_slot_id, preference_level) VALUES (1120055, '20:00', 0);
INSERT INTO user_time_preferences (zwid, time_slot_id, preference_level) VALUES (1120055, '20:15', 0);
INSERT INTO user_time_preferences (zwid, time_slot_id, preference_level) VALUES (1120055, '20:30', 0);
INSERT INTO athletes (zwid, name, email, base_category, role) VALUES (4209127, 'Antonio Bove', 'prbove@gmail.com', 'B', 'user') ON CONFLICT(zwid) DO UPDATE SET name=excluded.name, base_category=excluded.base_category;
INSERT OR IGNORE INTO team_members (team_id, athlete_id) SELECT id, 4209127 FROM teams WHERE name = 'MADNESS';
DELETE FROM user_time_preferences WHERE zwid = 4209127;
INSERT INTO user_time_preferences (zwid, time_slot_id, preference_level) VALUES (4209127, '18:30', 2);
INSERT INTO user_time_preferences (zwid, time_slot_id, preference_level) VALUES (4209127, '19:00', 2);
INSERT INTO user_time_preferences (zwid, time_slot_id, preference_level) VALUES (4209127, '19:15', 2);
INSERT INTO user_time_preferences (zwid, time_slot_id, preference_level) VALUES (4209127, '19:30', 2);
INSERT INTO user_time_preferences (zwid, time_slot_id, preference_level) VALUES (4209127, '19:45', 1);
INSERT INTO user_time_preferences (zwid, time_slot_id, preference_level) VALUES (4209127, '20:00', 1);
INSERT INTO athletes (zwid, name, email, base_category, role) VALUES (6873542, 'Jon Hall', 'ionic-00.roomful@icloud.com', 'B', 'user') ON CONFLICT(zwid) DO UPDATE SET name=excluded.name, base_category=excluded.base_category;
INSERT OR IGNORE INTO team_members (team_id, athlete_id) SELECT id, 6873542 FROM teams WHERE name = 'MADNESS';
DELETE FROM user_time_preferences WHERE zwid = 6873542;
INSERT INTO athletes (zwid, name, email, base_category, role) VALUES (4840724, 'Kai Mittelmann', 'kai.mittelmann@mailbox.org', 'B', 'user') ON CONFLICT(zwid) DO UPDATE SET name=excluded.name, base_category=excluded.base_category;
INSERT OR IGNORE INTO team_members (team_id, athlete_id) SELECT id, 4840724 FROM teams WHERE name = 'MADNESS';
DELETE FROM user_time_preferences WHERE zwid = 4840724;
INSERT INTO athletes (zwid, name, email, base_category, role) VALUES (6139819, 'Luca Durighel', 'lucadurighel@gmail.com', 'B', 'user') ON CONFLICT(zwid) DO UPDATE SET name=excluded.name, base_category=excluded.base_category;
INSERT OR IGNORE INTO team_members (team_id, athlete_id) SELECT id, 6139819 FROM teams WHERE name = 'MADNESS';
DELETE FROM user_time_preferences WHERE zwid = 6139819;
INSERT INTO athletes (zwid, name, email, base_category, role) VALUES (906430, 'Matteo Marsetti', 'masso85@gmail.com', 'B', 'user') ON CONFLICT(zwid) DO UPDATE SET name=excluded.name, base_category=excluded.base_category;
INSERT OR IGNORE INTO team_members (team_id, athlete_id) SELECT id, 906430 FROM teams WHERE name = 'MADNESS';
DELETE FROM user_time_preferences WHERE zwid = 906430;
INSERT INTO athletes (zwid, name, email, base_category, role) VALUES (1210704, 'Olaf Görnig', 'olafgoernig@gmx.de', 'B', 'user') ON CONFLICT(zwid) DO UPDATE SET name=excluded.name, base_category=excluded.base_category;
INSERT OR IGNORE INTO team_members (team_id, athlete_id) SELECT id, 1210704 FROM teams WHERE name = 'MADNESS';
DELETE FROM user_time_preferences WHERE zwid = 1210704;
INSERT INTO athletes (zwid, name, email, base_category, role) VALUES (1141125, 'Tony Howard', 'Howard_449@hotmail.com', 'B', 'user') ON CONFLICT(zwid) DO UPDATE SET name=excluded.name, base_category=excluded.base_category;
INSERT OR IGNORE INTO team_members (team_id, athlete_id) SELECT id, 1141125 FROM teams WHERE name = 'MADNESS';
DELETE FROM user_time_preferences WHERE zwid = 1141125;
INSERT INTO user_time_preferences (zwid, time_slot_id, preference_level) VALUES (1141125, '06:00', 2);
INSERT INTO user_time_preferences (zwid, time_slot_id, preference_level) VALUES (1141125, '07:00', 2);
INSERT INTO user_time_preferences (zwid, time_slot_id, preference_level) VALUES (1141125, '07:30', 2);
INSERT INTO user_time_preferences (zwid, time_slot_id, preference_level) VALUES (1141125, '09:30', 2);
INSERT INTO user_time_preferences (zwid, time_slot_id, preference_level) VALUES (1141125, '10:30', 2);
INSERT INTO user_time_preferences (zwid, time_slot_id, preference_level) VALUES (1141125, '11:30', 2);
INSERT INTO user_time_preferences (zwid, time_slot_id, preference_level) VALUES (1141125, '12:00', 2);
INSERT INTO user_time_preferences (zwid, time_slot_id, preference_level) VALUES (1141125, '13:00', 2);
INSERT INTO user_time_preferences (zwid, time_slot_id, preference_level) VALUES (1141125, '14:00', 2);
INSERT INTO user_time_preferences (zwid, time_slot_id, preference_level) VALUES (1141125, '18:00', 2);
INSERT INTO user_time_preferences (zwid, time_slot_id, preference_level) VALUES (1141125, '18:30', 2);
INSERT INTO user_time_preferences (zwid, time_slot_id, preference_level) VALUES (1141125, '19:00', 2);
INSERT INTO user_time_preferences (zwid, time_slot_id, preference_level) VALUES (1141125, '19:15', 2);
INSERT INTO user_time_preferences (zwid, time_slot_id, preference_level) VALUES (1141125, '19:30', 2);
INSERT INTO user_time_preferences (zwid, time_slot_id, preference_level) VALUES (1141125, '19:45', 2);
INSERT INTO user_time_preferences (zwid, time_slot_id, preference_level) VALUES (1141125, '20:00', 2);
INSERT INTO user_time_preferences (zwid, time_slot_id, preference_level) VALUES (1141125, '20:15', 2);
INSERT INTO user_time_preferences (zwid, time_slot_id, preference_level) VALUES (1141125, '20:30', 2);
INSERT INTO user_time_preferences (zwid, time_slot_id, preference_level) VALUES (1141125, '20:45', 2);
INSERT INTO athletes (zwid, name, email, base_category, role) VALUES (288609, 'Andrea Bianconcini', 'bianconcinicna@gmail.com', 'B', 'user') ON CONFLICT(zwid) DO UPDATE SET name=excluded.name, base_category=excluded.base_category;
INSERT OR IGNORE INTO teams (name, category) VALUES ('NIGHTMARE', 'B');
INSERT OR IGNORE INTO team_members (team_id, athlete_id) SELECT id, 288609 FROM teams WHERE name = 'NIGHTMARE';
DELETE FROM user_time_preferences WHERE zwid = 288609;
INSERT INTO athletes (zwid, name, email, base_category, role) VALUES (5650560, 'Andrea Erba', 'andreaerba@gmail.com', 'B', 'user') ON CONFLICT(zwid) DO UPDATE SET name=excluded.name, base_category=excluded.base_category;
INSERT OR IGNORE INTO team_members (team_id, athlete_id) SELECT id, 5650560 FROM teams WHERE name = 'NIGHTMARE';
DELETE FROM user_time_preferences WHERE zwid = 5650560;
INSERT INTO athletes (zwid, name, email, base_category, role) VALUES (7197230, 'Giuseppe Carbonari', 'carbonarigiuseppe95@gmail.com', 'B', 'user') ON CONFLICT(zwid) DO UPDATE SET name=excluded.name, base_category=excluded.base_category;
INSERT OR IGNORE INTO team_members (team_id, athlete_id) SELECT id, 7197230 FROM teams WHERE name = 'NIGHTMARE';
DELETE FROM user_time_preferences WHERE zwid = 7197230;
INSERT INTO athletes (zwid, name, email, base_category, role) VALUES (3208463, 'Luca Bollani', 'lucabollani1@gmail.com', 'B', 'user') ON CONFLICT(zwid) DO UPDATE SET name=excluded.name, base_category=excluded.base_category;
INSERT OR IGNORE INTO team_members (team_id, athlete_id) SELECT id, 3208463 FROM teams WHERE name = 'NIGHTMARE';
DELETE FROM user_time_preferences WHERE zwid = 3208463;
INSERT INTO athletes (zwid, name, email, base_category, role) VALUES (199374, 'Matteo Casadei', 'matteo.casadei@gmail.com', 'B', 'user') ON CONFLICT(zwid) DO UPDATE SET name=excluded.name, base_category=excluded.base_category;
INSERT OR IGNORE INTO team_members (team_id, athlete_id) SELECT id, 199374 FROM teams WHERE name = 'NIGHTMARE';
DELETE FROM user_time_preferences WHERE zwid = 199374;
INSERT INTO user_time_preferences (zwid, time_slot_id, preference_level) VALUES (199374, '06:00', 0);
INSERT INTO user_time_preferences (zwid, time_slot_id, preference_level) VALUES (199374, '07:00', 0);
INSERT INTO user_time_preferences (zwid, time_slot_id, preference_level) VALUES (199374, '07:30', 0);
INSERT INTO user_time_preferences (zwid, time_slot_id, preference_level) VALUES (199374, '09:30', 0);
INSERT INTO user_time_preferences (zwid, time_slot_id, preference_level) VALUES (199374, '10:30', 0);
INSERT INTO user_time_preferences (zwid, time_slot_id, preference_level) VALUES (199374, '11:30', 0);
INSERT INTO user_time_preferences (zwid, time_slot_id, preference_level) VALUES (199374, '12:00', 0);
INSERT INTO user_time_preferences (zwid, time_slot_id, preference_level) VALUES (199374, '13:00', 0);
INSERT INTO user_time_preferences (zwid, time_slot_id, preference_level) VALUES (199374, '14:00', 0);
INSERT INTO user_time_preferences (zwid, time_slot_id, preference_level) VALUES (199374, '18:00', 0);
INSERT INTO user_time_preferences (zwid, time_slot_id, preference_level) VALUES (199374, '18:30', 1);
INSERT INTO user_time_preferences (zwid, time_slot_id, preference_level) VALUES (199374, '19:00', 2);
INSERT INTO user_time_preferences (zwid, time_slot_id, preference_level) VALUES (199374, '19:15', 2);
INSERT INTO user_time_preferences (zwid, time_slot_id, preference_level) VALUES (199374, '19:30', 1);
INSERT INTO user_time_preferences (zwid, time_slot_id, preference_level) VALUES (199374, '19:45', 1);
INSERT INTO user_time_preferences (zwid, time_slot_id, preference_level) VALUES (199374, '20:00', 0);
INSERT INTO user_time_preferences (zwid, time_slot_id, preference_level) VALUES (199374, '20:15', 0);
INSERT INTO user_time_preferences (zwid, time_slot_id, preference_level) VALUES (199374, '20:30', 0);
INSERT INTO user_time_preferences (zwid, time_slot_id, preference_level) VALUES (199374, '20:45', 0);
INSERT INTO athletes (zwid, name, email, base_category, role) VALUES (1520796, 'Michele D''Andrea', 'gnappo@live.it', 'B', 'user') ON CONFLICT(zwid) DO UPDATE SET name=excluded.name, base_category=excluded.base_category;
INSERT OR IGNORE INTO team_members (team_id, athlete_id) SELECT id, 1520796 FROM teams WHERE name = 'NIGHTMARE';
DELETE FROM user_time_preferences WHERE zwid = 1520796;
INSERT INTO athletes (zwid, name, email, base_category, role) VALUES (296309, 'Norberto Civardi', 'norbertocivardi@gmail.com', 'B', 'user') ON CONFLICT(zwid) DO UPDATE SET name=excluded.name, base_category=excluded.base_category;
INSERT OR IGNORE INTO team_members (team_id, athlete_id) SELECT id, 296309 FROM teams WHERE name = 'NIGHTMARE';
DELETE FROM user_time_preferences WHERE zwid = 296309;
INSERT INTO user_time_preferences (zwid, time_slot_id, preference_level) VALUES (296309, '06:00', 0);
INSERT INTO user_time_preferences (zwid, time_slot_id, preference_level) VALUES (296309, '07:00', 0);
INSERT INTO user_time_preferences (zwid, time_slot_id, preference_level) VALUES (296309, '07:30', 0);
INSERT INTO user_time_preferences (zwid, time_slot_id, preference_level) VALUES (296309, '09:30', 0);
INSERT INTO user_time_preferences (zwid, time_slot_id, preference_level) VALUES (296309, '10:30', 0);
INSERT INTO user_time_preferences (zwid, time_slot_id, preference_level) VALUES (296309, '11:30', 0);
INSERT INTO user_time_preferences (zwid, time_slot_id, preference_level) VALUES (296309, '12:00', 0);
INSERT INTO user_time_preferences (zwid, time_slot_id, preference_level) VALUES (296309, '13:00', 0);
INSERT INTO user_time_preferences (zwid, time_slot_id, preference_level) VALUES (296309, '14:00', 0);
INSERT INTO user_time_preferences (zwid, time_slot_id, preference_level) VALUES (296309, '18:00', 1);
INSERT INTO user_time_preferences (zwid, time_slot_id, preference_level) VALUES (296309, '18:30', 2);
INSERT INTO user_time_preferences (zwid, time_slot_id, preference_level) VALUES (296309, '19:00', 2);
INSERT INTO user_time_preferences (zwid, time_slot_id, preference_level) VALUES (296309, '19:15', 1);
INSERT INTO user_time_preferences (zwid, time_slot_id, preference_level) VALUES (296309, '19:30', 1);
INSERT INTO user_time_preferences (zwid, time_slot_id, preference_level) VALUES (296309, '19:45', 0);
INSERT INTO user_time_preferences (zwid, time_slot_id, preference_level) VALUES (296309, '20:00', 0);
INSERT INTO user_time_preferences (zwid, time_slot_id, preference_level) VALUES (296309, '20:15', 0);
INSERT INTO user_time_preferences (zwid, time_slot_id, preference_level) VALUES (296309, '20:30', 0);
INSERT INTO user_time_preferences (zwid, time_slot_id, preference_level) VALUES (296309, '20:45', 0);
INSERT INTO athletes (zwid, name, email, base_category, role) VALUES (3432509, 'Andrea Falchetti', 'andreafalchetti@hotmail.com', 'B', 'user') ON CONFLICT(zwid) DO UPDATE SET name=excluded.name, base_category=excluded.base_category;
INSERT OR IGNORE INTO teams (name, category) VALUES ('TRINACRIA', 'B');
INSERT OR IGNORE INTO team_members (team_id, athlete_id) SELECT id, 3432509 FROM teams WHERE name = 'TRINACRIA';
DELETE FROM user_time_preferences WHERE zwid = 3432509;
INSERT INTO user_time_preferences (zwid, time_slot_id, preference_level) VALUES (3432509, '06:00', 0);
INSERT INTO user_time_preferences (zwid, time_slot_id, preference_level) VALUES (3432509, '07:00', 0);
INSERT INTO user_time_preferences (zwid, time_slot_id, preference_level) VALUES (3432509, '07:30', 0);
INSERT INTO user_time_preferences (zwid, time_slot_id, preference_level) VALUES (3432509, '09:30', 0);
INSERT INTO user_time_preferences (zwid, time_slot_id, preference_level) VALUES (3432509, '10:30', 1);
INSERT INTO user_time_preferences (zwid, time_slot_id, preference_level) VALUES (3432509, '11:30', 1);
INSERT INTO user_time_preferences (zwid, time_slot_id, preference_level) VALUES (3432509, '12:00', 1);
INSERT INTO user_time_preferences (zwid, time_slot_id, preference_level) VALUES (3432509, '13:00', 0);
INSERT INTO user_time_preferences (zwid, time_slot_id, preference_level) VALUES (3432509, '14:00', 0);
INSERT INTO user_time_preferences (zwid, time_slot_id, preference_level) VALUES (3432509, '18:00', 1);
INSERT INTO user_time_preferences (zwid, time_slot_id, preference_level) VALUES (3432509, '18:30', 1);
INSERT INTO user_time_preferences (zwid, time_slot_id, preference_level) VALUES (3432509, '19:00', 1);
INSERT INTO user_time_preferences (zwid, time_slot_id, preference_level) VALUES (3432509, '19:15', 1);
INSERT INTO user_time_preferences (zwid, time_slot_id, preference_level) VALUES (3432509, '19:30', 1);
INSERT INTO user_time_preferences (zwid, time_slot_id, preference_level) VALUES (3432509, '19:45', 0);
INSERT INTO user_time_preferences (zwid, time_slot_id, preference_level) VALUES (3432509, '20:00', 0);
INSERT INTO user_time_preferences (zwid, time_slot_id, preference_level) VALUES (3432509, '20:15', 0);
INSERT INTO user_time_preferences (zwid, time_slot_id, preference_level) VALUES (3432509, '20:30', 0);
INSERT INTO user_time_preferences (zwid, time_slot_id, preference_level) VALUES (3432509, '20:45', 0);
INSERT INTO athletes (zwid, name, email, base_category, role) VALUES (931830, 'Gaetano Lo Verde', 'loverdegaetano84@gmail.com', 'B', 'user') ON CONFLICT(zwid) DO UPDATE SET name=excluded.name, base_category=excluded.base_category;
INSERT OR IGNORE INTO team_members (team_id, athlete_id) SELECT id, 931830 FROM teams WHERE name = 'TRINACRIA';
DELETE FROM user_time_preferences WHERE zwid = 931830;
INSERT INTO athletes (zwid, name, email, base_category, role) VALUES (810115, 'Loris Van de Kassteele', 'l.vandekassteele@gmail.com', 'B', 'user') ON CONFLICT(zwid) DO UPDATE SET name=excluded.name, base_category=excluded.base_category;
INSERT OR IGNORE INTO team_members (team_id, athlete_id) SELECT id, 810115 FROM teams WHERE name = 'TRINACRIA';
DELETE FROM user_time_preferences WHERE zwid = 810115;
INSERT INTO user_time_preferences (zwid, time_slot_id, preference_level) VALUES (810115, '20:00', 2);
INSERT INTO athletes (zwid, name, email, base_category, role) VALUES (1842490, 'Luca Briccoli', 'lbriccoli@virgilio.it', 'B', 'user') ON CONFLICT(zwid) DO UPDATE SET name=excluded.name, base_category=excluded.base_category;
INSERT OR IGNORE INTO team_members (team_id, athlete_id) SELECT id, 1842490 FROM teams WHERE name = 'TRINACRIA';
DELETE FROM user_time_preferences WHERE zwid = 1842490;
INSERT INTO user_time_preferences (zwid, time_slot_id, preference_level) VALUES (1842490, '19:15', 1);
INSERT INTO user_time_preferences (zwid, time_slot_id, preference_level) VALUES (1842490, '19:30', 2);
INSERT INTO athletes (zwid, name, email, base_category, role) VALUES (2690375, 'Mario Cavallaro', 'cavallaro84@gmail.com', 'B', 'user') ON CONFLICT(zwid) DO UPDATE SET name=excluded.name, base_category=excluded.base_category;
INSERT OR IGNORE INTO team_members (team_id, athlete_id) SELECT id, 2690375 FROM teams WHERE name = 'TRINACRIA';
DELETE FROM user_time_preferences WHERE zwid = 2690375;
INSERT INTO user_time_preferences (zwid, time_slot_id, preference_level) VALUES (2690375, '19:30', 0);
INSERT INTO user_time_preferences (zwid, time_slot_id, preference_level) VALUES (2690375, '19:45', 1);
INSERT INTO user_time_preferences (zwid, time_slot_id, preference_level) VALUES (2690375, '20:00', 2);
INSERT INTO athletes (zwid, name, email, base_category, role) VALUES (1152951, 'Michele Tedesco', 'miky60mt@gmail.com', 'B', 'user') ON CONFLICT(zwid) DO UPDATE SET name=excluded.name, base_category=excluded.base_category;
INSERT OR IGNORE INTO team_members (team_id, athlete_id) SELECT id, 1152951 FROM teams WHERE name = 'TRINACRIA';
DELETE FROM user_time_preferences WHERE zwid = 1152951;
INSERT INTO athletes (zwid, name, email, base_category, role) VALUES (3891733, 'Pierpaolo Varvazzo', 'pierpaolo.varvazzo@tin.it', 'B', 'user') ON CONFLICT(zwid) DO UPDATE SET name=excluded.name, base_category=excluded.base_category;
INSERT OR IGNORE INTO team_members (team_id, athlete_id) SELECT id, 3891733 FROM teams WHERE name = 'TRINACRIA';
DELETE FROM user_time_preferences WHERE zwid = 3891733;
INSERT INTO athletes (zwid, name, email, base_category, role) VALUES (164627, 'Ricardo Santos', 'ricardo_santos1985@live.com.pt', 'B', 'user') ON CONFLICT(zwid) DO UPDATE SET name=excluded.name, base_category=excluded.base_category;
INSERT OR IGNORE INTO team_members (team_id, athlete_id) SELECT id, 164627 FROM teams WHERE name = 'TRINACRIA';
DELETE FROM user_time_preferences WHERE zwid = 164627;
INSERT INTO user_time_preferences (zwid, time_slot_id, preference_level) VALUES (164627, '19:00', 2);
INSERT INTO user_time_preferences (zwid, time_slot_id, preference_level) VALUES (164627, '19:15', 2);
INSERT INTO user_time_preferences (zwid, time_slot_id, preference_level) VALUES (164627, '19:30', 2);
INSERT INTO athletes (zwid, name, email, base_category, role) VALUES (475715, 'Simone Oppezzo', 'oppezzosimone13271@gmail.com', 'B', 'user') ON CONFLICT(zwid) DO UPDATE SET name=excluded.name, base_category=excluded.base_category;
INSERT OR IGNORE INTO team_members (team_id, athlete_id) SELECT id, 475715 FROM teams WHERE name = 'TRINACRIA';
DELETE FROM user_time_preferences WHERE zwid = 475715;
INSERT INTO athletes (zwid, name, email, base_category, role) VALUES (5191249, 'Tiziano Speranza', 'tiziano.speranza@me.com', 'B', 'user') ON CONFLICT(zwid) DO UPDATE SET name=excluded.name, base_category=excluded.base_category;
INSERT OR IGNORE INTO team_members (team_id, athlete_id) SELECT id, 5191249 FROM teams WHERE name = 'TRINACRIA';
DELETE FROM user_time_preferences WHERE zwid = 5191249;
INSERT INTO athletes (zwid, name, email, base_category, role) VALUES (2889372, 'Diego Burattini', 'diegoburattini@gmail.com', 'B', 'user') ON CONFLICT(zwid) DO UPDATE SET name=excluded.name, base_category=excluded.base_category;
INSERT OR IGNORE INTO teams (name, category) VALUES ('WARRIORS', 'B');
INSERT OR IGNORE INTO team_members (team_id, athlete_id) SELECT id, 2889372 FROM teams WHERE name = 'WARRIORS';
DELETE FROM user_time_preferences WHERE zwid = 2889372;
INSERT INTO user_time_preferences (zwid, time_slot_id, preference_level) VALUES (2889372, '06:00', 0);
INSERT INTO user_time_preferences (zwid, time_slot_id, preference_level) VALUES (2889372, '07:00', 0);
INSERT INTO user_time_preferences (zwid, time_slot_id, preference_level) VALUES (2889372, '07:30', 0);
INSERT INTO user_time_preferences (zwid, time_slot_id, preference_level) VALUES (2889372, '09:30', 0);
INSERT INTO user_time_preferences (zwid, time_slot_id, preference_level) VALUES (2889372, '10:30', 0);
INSERT INTO user_time_preferences (zwid, time_slot_id, preference_level) VALUES (2889372, '11:30', 0);
INSERT INTO user_time_preferences (zwid, time_slot_id, preference_level) VALUES (2889372, '12:00', 0);
INSERT INTO user_time_preferences (zwid, time_slot_id, preference_level) VALUES (2889372, '13:00', 0);
INSERT INTO user_time_preferences (zwid, time_slot_id, preference_level) VALUES (2889372, '14:00', 0);
INSERT INTO user_time_preferences (zwid, time_slot_id, preference_level) VALUES (2889372, '18:00', 2);
INSERT INTO user_time_preferences (zwid, time_slot_id, preference_level) VALUES (2889372, '18:30', 1);
INSERT INTO user_time_preferences (zwid, time_slot_id, preference_level) VALUES (2889372, '19:00', 1);
INSERT INTO user_time_preferences (zwid, time_slot_id, preference_level) VALUES (2889372, '19:15', 0);
INSERT INTO user_time_preferences (zwid, time_slot_id, preference_level) VALUES (2889372, '19:30', 0);
INSERT INTO user_time_preferences (zwid, time_slot_id, preference_level) VALUES (2889372, '19:45', 0);
INSERT INTO user_time_preferences (zwid, time_slot_id, preference_level) VALUES (2889372, '20:00', 0);
INSERT INTO user_time_preferences (zwid, time_slot_id, preference_level) VALUES (2889372, '20:15', 0);
INSERT INTO user_time_preferences (zwid, time_slot_id, preference_level) VALUES (2889372, '20:30', 0);
INSERT INTO user_time_preferences (zwid, time_slot_id, preference_level) VALUES (2889372, '20:45', 0);
INSERT INTO athletes (zwid, name, email, base_category, role) VALUES (1897358, 'Giovanni Lisi', 'giovanni.lisi89@gmail.com', 'B', 'user') ON CONFLICT(zwid) DO UPDATE SET name=excluded.name, base_category=excluded.base_category;
INSERT OR IGNORE INTO team_members (team_id, athlete_id) SELECT id, 1897358 FROM teams WHERE name = 'WARRIORS';
DELETE FROM user_time_preferences WHERE zwid = 1897358;
INSERT INTO athletes (zwid, name, email, base_category, role) VALUES (1867799, 'Massimo Fabbri', 'maxfabbri@libero.it', 'B', 'user') ON CONFLICT(zwid) DO UPDATE SET name=excluded.name, base_category=excluded.base_category;
INSERT OR IGNORE INTO team_members (team_id, athlete_id) SELECT id, 1867799 FROM teams WHERE name = 'WARRIORS';
DELETE FROM user_time_preferences WHERE zwid = 1867799;
INSERT INTO athletes (zwid, name, email, base_category, role) VALUES (7121469, 'Massimo Spagnoli', 'spagnolimassimo@icloud.com', 'B', 'user') ON CONFLICT(zwid) DO UPDATE SET name=excluded.name, base_category=excluded.base_category;
INSERT OR IGNORE INTO team_members (team_id, athlete_id) SELECT id, 7121469 FROM teams WHERE name = 'WARRIORS';
DELETE FROM user_time_preferences WHERE zwid = 7121469;
INSERT INTO user_time_preferences (zwid, time_slot_id, preference_level) VALUES (7121469, '09:30', 2);
INSERT INTO user_time_preferences (zwid, time_slot_id, preference_level) VALUES (7121469, '10:30', 2);
INSERT INTO user_time_preferences (zwid, time_slot_id, preference_level) VALUES (7121469, '11:30', 2);
INSERT INTO user_time_preferences (zwid, time_slot_id, preference_level) VALUES (7121469, '12:00', 2);
INSERT INTO user_time_preferences (zwid, time_slot_id, preference_level) VALUES (7121469, '13:00', 2);
INSERT INTO user_time_preferences (zwid, time_slot_id, preference_level) VALUES (7121469, '14:00', 2);
INSERT INTO user_time_preferences (zwid, time_slot_id, preference_level) VALUES (7121469, '18:00', 2);
INSERT INTO athletes (zwid, name, email, base_category, role) VALUES (6562494, 'Matteo Fumagalli', 'fuma9210@live.it', 'B', 'user') ON CONFLICT(zwid) DO UPDATE SET name=excluded.name, base_category=excluded.base_category;
INSERT OR IGNORE INTO team_members (team_id, athlete_id) SELECT id, 6562494 FROM teams WHERE name = 'WARRIORS';
DELETE FROM user_time_preferences WHERE zwid = 6562494;
INSERT INTO user_time_preferences (zwid, time_slot_id, preference_level) VALUES (6562494, '06:00', 0);
INSERT INTO user_time_preferences (zwid, time_slot_id, preference_level) VALUES (6562494, '07:00', 0);
INSERT INTO user_time_preferences (zwid, time_slot_id, preference_level) VALUES (6562494, '07:30', 0);
INSERT INTO user_time_preferences (zwid, time_slot_id, preference_level) VALUES (6562494, '09:30', 0);
INSERT INTO user_time_preferences (zwid, time_slot_id, preference_level) VALUES (6562494, '10:30', 0);
INSERT INTO user_time_preferences (zwid, time_slot_id, preference_level) VALUES (6562494, '11:30', 0);
INSERT INTO user_time_preferences (zwid, time_slot_id, preference_level) VALUES (6562494, '12:00', 0);
INSERT INTO user_time_preferences (zwid, time_slot_id, preference_level) VALUES (6562494, '13:00', 0);
INSERT INTO user_time_preferences (zwid, time_slot_id, preference_level) VALUES (6562494, '14:00', 0);
INSERT INTO user_time_preferences (zwid, time_slot_id, preference_level) VALUES (6562494, '18:00', 2);
INSERT INTO user_time_preferences (zwid, time_slot_id, preference_level) VALUES (6562494, '18:30', 2);
INSERT INTO user_time_preferences (zwid, time_slot_id, preference_level) VALUES (6562494, '19:00', 0);
INSERT INTO user_time_preferences (zwid, time_slot_id, preference_level) VALUES (6562494, '19:15', 0);
INSERT INTO user_time_preferences (zwid, time_slot_id, preference_level) VALUES (6562494, '19:30', 0);
INSERT INTO user_time_preferences (zwid, time_slot_id, preference_level) VALUES (6562494, '19:45', 0);
INSERT INTO user_time_preferences (zwid, time_slot_id, preference_level) VALUES (6562494, '20:00', 0);
INSERT INTO user_time_preferences (zwid, time_slot_id, preference_level) VALUES (6562494, '20:15', 0);
INSERT INTO user_time_preferences (zwid, time_slot_id, preference_level) VALUES (6562494, '20:30', 0);
INSERT INTO user_time_preferences (zwid, time_slot_id, preference_level) VALUES (6562494, '20:45', 0);
INSERT INTO athletes (zwid, name, email, base_category, role) VALUES (1881490, 'Daniel Monachello', '', 'B', 'user') ON CONFLICT(zwid) DO UPDATE SET name=excluded.name, base_category=excluded.base_category;
DELETE FROM user_time_preferences WHERE zwid = 1881490;
INSERT INTO athletes (zwid, name, email, base_category, role) VALUES (5556575, 'Daniele Marzari', 'danythemafic@gmail.com', 'B', 'user') ON CONFLICT(zwid) DO UPDATE SET name=excluded.name, base_category=excluded.base_category;
DELETE FROM user_time_preferences WHERE zwid = 5556575;
INSERT INTO athletes (zwid, name, email, base_category, role) VALUES (6781105, 'Emanuele Andreoni', 'emanu.andreoni@gmail.com', 'B', 'user') ON CONFLICT(zwid) DO UPDATE SET name=excluded.name, base_category=excluded.base_category;
DELETE FROM user_time_preferences WHERE zwid = 6781105;
INSERT INTO athletes (zwid, name, email, base_category, role) VALUES (1110228, 'Fabrizio Bicchietti', 'Fabrizio8640@gmail.com', 'B', 'user') ON CONFLICT(zwid) DO UPDATE SET name=excluded.name, base_category=excluded.base_category;
DELETE FROM user_time_preferences WHERE zwid = 1110228;
INSERT INTO athletes (zwid, name, email, base_category, role) VALUES (5061824, 'Frank Peter Fiorentino', 'ffiorentino@gmail.com', 'B', 'user') ON CONFLICT(zwid) DO UPDATE SET name=excluded.name, base_category=excluded.base_category;
DELETE FROM user_time_preferences WHERE zwid = 5061824;
INSERT INTO athletes (zwid, name, email, base_category, role) VALUES (5311216, 'Halil Cetinbas', 'hcetinbas57@gmail.com', 'B', 'user') ON CONFLICT(zwid) DO UPDATE SET name=excluded.name, base_category=excluded.base_category;
DELETE FROM user_time_preferences WHERE zwid = 5311216;
INSERT INTO athletes (zwid, name, email, base_category, role) VALUES (3169461, 'Marco Farina', 'mfarina@fideuram.it', 'B', 'user') ON CONFLICT(zwid) DO UPDATE SET name=excluded.name, base_category=excluded.base_category;
DELETE FROM user_time_preferences WHERE zwid = 3169461;
INSERT INTO athletes (zwid, name, email, base_category, role) VALUES (5153886, 'Onder Ozkaya', 'onder.ozk1983@gmail.com', 'B', 'user') ON CONFLICT(zwid) DO UPDATE SET name=excluded.name, base_category=excluded.base_category;
DELETE FROM user_time_preferences WHERE zwid = 5153886;
INSERT INTO athletes (zwid, name, email, base_category, role) VALUES (7563772, 'Samuele Curradi', 'curra.sam@hotmail.com', 'B', 'user') ON CONFLICT(zwid) DO UPDATE SET name=excluded.name, base_category=excluded.base_category;
DELETE FROM user_time_preferences WHERE zwid = 7563772;
INSERT INTO athletes (zwid, name, email, base_category, role) VALUES (7001570, 'Stefano Caccia', 'cacciastefano@yahoo.it', 'B', 'user') ON CONFLICT(zwid) DO UPDATE SET name=excluded.name, base_category=excluded.base_category;
DELETE FROM user_time_preferences WHERE zwid = 7001570;
INSERT INTO athletes (zwid, name, email, base_category, role) VALUES (4622555, 'Alessio Nisini', 'alessio.nisini@gmail.com', 'C', 'user') ON CONFLICT(zwid) DO UPDATE SET name=excluded.name, base_category=excluded.base_category;
INSERT OR IGNORE INTO teams (name, category) VALUES ('AAB', 'C');
INSERT OR IGNORE INTO team_members (team_id, athlete_id) SELECT id, 4622555 FROM teams WHERE name = 'AAB';
DELETE FROM user_time_preferences WHERE zwid = 4622555;
INSERT INTO user_time_preferences (zwid, time_slot_id, preference_level) VALUES (4622555, '06:00', 0);
INSERT INTO user_time_preferences (zwid, time_slot_id, preference_level) VALUES (4622555, '07:00', 0);
INSERT INTO user_time_preferences (zwid, time_slot_id, preference_level) VALUES (4622555, '07:30', 0);
INSERT INTO user_time_preferences (zwid, time_slot_id, preference_level) VALUES (4622555, '09:30', 0);
INSERT INTO user_time_preferences (zwid, time_slot_id, preference_level) VALUES (4622555, '10:30', 0);
INSERT INTO user_time_preferences (zwid, time_slot_id, preference_level) VALUES (4622555, '11:30', 0);
INSERT INTO user_time_preferences (zwid, time_slot_id, preference_level) VALUES (4622555, '12:00', 0);
INSERT INTO user_time_preferences (zwid, time_slot_id, preference_level) VALUES (4622555, '13:00', 0);
INSERT INTO user_time_preferences (zwid, time_slot_id, preference_level) VALUES (4622555, '14:00', 0);
INSERT INTO user_time_preferences (zwid, time_slot_id, preference_level) VALUES (4622555, '18:00', 1);
INSERT INTO user_time_preferences (zwid, time_slot_id, preference_level) VALUES (4622555, '18:30', 2);
INSERT INTO user_time_preferences (zwid, time_slot_id, preference_level) VALUES (4622555, '19:00', 2);
INSERT INTO user_time_preferences (zwid, time_slot_id, preference_level) VALUES (4622555, '19:15', 2);
INSERT INTO user_time_preferences (zwid, time_slot_id, preference_level) VALUES (4622555, '19:30', 1);
INSERT INTO user_time_preferences (zwid, time_slot_id, preference_level) VALUES (4622555, '19:45', 1);
INSERT INTO user_time_preferences (zwid, time_slot_id, preference_level) VALUES (4622555, '20:00', 0);
INSERT INTO user_time_preferences (zwid, time_slot_id, preference_level) VALUES (4622555, '20:15', 0);
INSERT INTO user_time_preferences (zwid, time_slot_id, preference_level) VALUES (4622555, '20:30', 0);
INSERT INTO user_time_preferences (zwid, time_slot_id, preference_level) VALUES (4622555, '20:45', 0);
INSERT INTO athletes (zwid, name, email, base_category, role) VALUES (3059451, 'Claudio Ubertini', 'ubeprince@gmail.com', 'C', 'user') ON CONFLICT(zwid) DO UPDATE SET name=excluded.name, base_category=excluded.base_category;
INSERT OR IGNORE INTO team_members (team_id, athlete_id) SELECT id, 3059451 FROM teams WHERE name = 'AAB';
DELETE FROM user_time_preferences WHERE zwid = 3059451;
INSERT INTO user_time_preferences (zwid, time_slot_id, preference_level) VALUES (3059451, '18:00', 1);
INSERT INTO user_time_preferences (zwid, time_slot_id, preference_level) VALUES (3059451, '18:30', 1);
INSERT INTO user_time_preferences (zwid, time_slot_id, preference_level) VALUES (3059451, '19:00', 1);
INSERT INTO user_time_preferences (zwid, time_slot_id, preference_level) VALUES (3059451, '19:15', 1);
INSERT INTO user_time_preferences (zwid, time_slot_id, preference_level) VALUES (3059451, '19:30', 2);
INSERT INTO athletes (zwid, name, email, base_category, role) VALUES (6797127, 'Cristian Pelosi', 'cristianpelosi73@gmail.com', 'C', 'user') ON CONFLICT(zwid) DO UPDATE SET name=excluded.name, base_category=excluded.base_category;
INSERT OR IGNORE INTO team_members (team_id, athlete_id) SELECT id, 6797127 FROM teams WHERE name = 'AAB';
DELETE FROM user_time_preferences WHERE zwid = 6797127;
INSERT INTO user_time_preferences (zwid, time_slot_id, preference_level) VALUES (6797127, '19:00', 2);
INSERT INTO user_time_preferences (zwid, time_slot_id, preference_level) VALUES (6797127, '19:15', 1);
INSERT INTO athletes (zwid, name, email, base_category, role) VALUES (966756, 'Fabio Bertoldi', 'fa_bert@libero.it', 'C', 'user') ON CONFLICT(zwid) DO UPDATE SET name=excluded.name, base_category=excluded.base_category;
INSERT OR IGNORE INTO team_members (team_id, athlete_id) SELECT id, 966756 FROM teams WHERE name = 'AAB';
DELETE FROM user_time_preferences WHERE zwid = 966756;
INSERT INTO user_time_preferences (zwid, time_slot_id, preference_level) VALUES (966756, '06:00', 0);
INSERT INTO user_time_preferences (zwid, time_slot_id, preference_level) VALUES (966756, '07:00', 0);
INSERT INTO user_time_preferences (zwid, time_slot_id, preference_level) VALUES (966756, '07:30', 0);
INSERT INTO user_time_preferences (zwid, time_slot_id, preference_level) VALUES (966756, '09:30', 0);
INSERT INTO user_time_preferences (zwid, time_slot_id, preference_level) VALUES (966756, '10:30', 0);
INSERT INTO user_time_preferences (zwid, time_slot_id, preference_level) VALUES (966756, '11:30', 0);
INSERT INTO user_time_preferences (zwid, time_slot_id, preference_level) VALUES (966756, '12:00', 0);
INSERT INTO user_time_preferences (zwid, time_slot_id, preference_level) VALUES (966756, '13:00', 0);
INSERT INTO user_time_preferences (zwid, time_slot_id, preference_level) VALUES (966756, '14:00', 0);
INSERT INTO user_time_preferences (zwid, time_slot_id, preference_level) VALUES (966756, '18:00', 0);
INSERT INTO user_time_preferences (zwid, time_slot_id, preference_level) VALUES (966756, '18:30', 0);
INSERT INTO user_time_preferences (zwid, time_slot_id, preference_level) VALUES (966756, '19:00', 1);
INSERT INTO user_time_preferences (zwid, time_slot_id, preference_level) VALUES (966756, '19:15', 1);
INSERT INTO user_time_preferences (zwid, time_slot_id, preference_level) VALUES (966756, '19:30', 2);
INSERT INTO user_time_preferences (zwid, time_slot_id, preference_level) VALUES (966756, '19:45', 2);
INSERT INTO user_time_preferences (zwid, time_slot_id, preference_level) VALUES (966756, '20:00', 2);
INSERT INTO user_time_preferences (zwid, time_slot_id, preference_level) VALUES (966756, '20:15', 1);
INSERT INTO user_time_preferences (zwid, time_slot_id, preference_level) VALUES (966756, '20:30', 1);
INSERT INTO user_time_preferences (zwid, time_slot_id, preference_level) VALUES (966756, '20:45', 1);
INSERT INTO athletes (zwid, name, email, base_category, role) VALUES (7806825, 'Gabriele Forzelin', 'gabriele.forzelin@gmail.com', 'C', 'user') ON CONFLICT(zwid) DO UPDATE SET name=excluded.name, base_category=excluded.base_category;
INSERT OR IGNORE INTO team_members (team_id, athlete_id) SELECT id, 7806825 FROM teams WHERE name = 'AAB';
DELETE FROM user_time_preferences WHERE zwid = 7806825;
INSERT INTO athletes (zwid, name, email, base_category, role) VALUES (4369191, 'Luca Adamo', 'cazzugo@gmail.com', 'C', 'user') ON CONFLICT(zwid) DO UPDATE SET name=excluded.name, base_category=excluded.base_category;
INSERT OR IGNORE INTO team_members (team_id, athlete_id) SELECT id, 4369191 FROM teams WHERE name = 'AAB';
DELETE FROM user_time_preferences WHERE zwid = 4369191;
INSERT INTO athletes (zwid, name, email, base_category, role) VALUES (6801312, 'Luca Bille', 'lucabille81@gmail.com', 'C', 'user') ON CONFLICT(zwid) DO UPDATE SET name=excluded.name, base_category=excluded.base_category;
INSERT OR IGNORE INTO team_members (team_id, athlete_id) SELECT id, 6801312 FROM teams WHERE name = 'AAB';
DELETE FROM user_time_preferences WHERE zwid = 6801312;
INSERT INTO athletes (zwid, name, email, base_category, role) VALUES (900612, 'Martino Sabia', 'ezules@gmail.com', 'C', 'user') ON CONFLICT(zwid) DO UPDATE SET name=excluded.name, base_category=excluded.base_category;
INSERT OR IGNORE INTO team_members (team_id, athlete_id) SELECT id, 900612 FROM teams WHERE name = 'AAB';
DELETE FROM user_time_preferences WHERE zwid = 900612;
INSERT INTO athletes (zwid, name, email, base_category, role) VALUES (1237268, 'Nicola Mancini', 'nicola.mancini@gmail.com', 'C', 'user') ON CONFLICT(zwid) DO UPDATE SET name=excluded.name, base_category=excluded.base_category;
INSERT OR IGNORE INTO team_members (team_id, athlete_id) SELECT id, 1237268 FROM teams WHERE name = 'AAB';
DELETE FROM user_time_preferences WHERE zwid = 1237268;
INSERT INTO athletes (zwid, name, email, base_category, role) VALUES (397261, 'Chris Musgrove', 'cmusgrove78@gmail.com', 'C', 'user') ON CONFLICT(zwid) DO UPDATE SET name=excluded.name, base_category=excluded.base_category;
INSERT OR IGNORE INTO teams (name, category) VALUES ('FIRE', 'C');
INSERT OR IGNORE INTO team_members (team_id, athlete_id) SELECT id, 397261 FROM teams WHERE name = 'FIRE';
DELETE FROM user_time_preferences WHERE zwid = 397261;
INSERT INTO athletes (zwid, name, email, base_category, role) VALUES (1992085, 'Claudio Varani', 'claudio.varani@fastwebnet.it', 'C', 'user') ON CONFLICT(zwid) DO UPDATE SET name=excluded.name, base_category=excluded.base_category;
INSERT OR IGNORE INTO team_members (team_id, athlete_id) SELECT id, 1992085 FROM teams WHERE name = 'FIRE';
DELETE FROM user_time_preferences WHERE zwid = 1992085;
INSERT INTO athletes (zwid, name, email, base_category, role) VALUES (1682095, 'Enzo Cabria (Viciu Paciu)', 'viciupacciu@gmail.com', 'C', 'user') ON CONFLICT(zwid) DO UPDATE SET name=excluded.name, base_category=excluded.base_category;
INSERT OR IGNORE INTO team_members (team_id, athlete_id) SELECT id, 1682095 FROM teams WHERE name = 'FIRE';
DELETE FROM user_time_preferences WHERE zwid = 1682095;
INSERT INTO user_time_preferences (zwid, time_slot_id, preference_level) VALUES (1682095, '06:00', 0);
INSERT INTO user_time_preferences (zwid, time_slot_id, preference_level) VALUES (1682095, '07:00', 0);
INSERT INTO user_time_preferences (zwid, time_slot_id, preference_level) VALUES (1682095, '07:30', 0);
INSERT INTO user_time_preferences (zwid, time_slot_id, preference_level) VALUES (1682095, '09:30', 0);
INSERT INTO user_time_preferences (zwid, time_slot_id, preference_level) VALUES (1682095, '10:30', 0);
INSERT INTO user_time_preferences (zwid, time_slot_id, preference_level) VALUES (1682095, '11:30', 0);
INSERT INTO user_time_preferences (zwid, time_slot_id, preference_level) VALUES (1682095, '12:00', 0);
INSERT INTO user_time_preferences (zwid, time_slot_id, preference_level) VALUES (1682095, '13:00', 0);
INSERT INTO user_time_preferences (zwid, time_slot_id, preference_level) VALUES (1682095, '14:00', 2);
INSERT INTO user_time_preferences (zwid, time_slot_id, preference_level) VALUES (1682095, '18:00', 2);
INSERT INTO user_time_preferences (zwid, time_slot_id, preference_level) VALUES (1682095, '18:30', 2);
INSERT INTO user_time_preferences (zwid, time_slot_id, preference_level) VALUES (1682095, '19:00', 1);
INSERT INTO user_time_preferences (zwid, time_slot_id, preference_level) VALUES (1682095, '19:15', 1);
INSERT INTO user_time_preferences (zwid, time_slot_id, preference_level) VALUES (1682095, '19:30', 0);
INSERT INTO user_time_preferences (zwid, time_slot_id, preference_level) VALUES (1682095, '19:45', 0);
INSERT INTO user_time_preferences (zwid, time_slot_id, preference_level) VALUES (1682095, '20:00', 0);
INSERT INTO user_time_preferences (zwid, time_slot_id, preference_level) VALUES (1682095, '20:15', 0);
INSERT INTO user_time_preferences (zwid, time_slot_id, preference_level) VALUES (1682095, '20:30', 0);
INSERT INTO user_time_preferences (zwid, time_slot_id, preference_level) VALUES (1682095, '20:45', 0);
INSERT INTO athletes (zwid, name, email, base_category, role) VALUES (3617605, 'Francesco Ravasi', 'fraravas@hotmail.com', 'C', 'user') ON CONFLICT(zwid) DO UPDATE SET name=excluded.name, base_category=excluded.base_category;
INSERT OR IGNORE INTO team_members (team_id, athlete_id) SELECT id, 3617605 FROM teams WHERE name = 'FIRE';
DELETE FROM user_time_preferences WHERE zwid = 3617605;
INSERT INTO user_time_preferences (zwid, time_slot_id, preference_level) VALUES (3617605, '19:00', 2);
INSERT INTO user_time_preferences (zwid, time_slot_id, preference_level) VALUES (3617605, '19:15', 2);
INSERT INTO athletes (zwid, name, email, base_category, role) VALUES (5372432, 'Maximilian Mione', 'trentinomax@gmail.com', 'C', 'user') ON CONFLICT(zwid) DO UPDATE SET name=excluded.name, base_category=excluded.base_category;
INSERT OR IGNORE INTO team_members (team_id, athlete_id) SELECT id, 5372432 FROM teams WHERE name = 'FIRE';
DELETE FROM user_time_preferences WHERE zwid = 5372432;
INSERT INTO user_time_preferences (zwid, time_slot_id, preference_level) VALUES (5372432, '06:00', 0);
INSERT INTO user_time_preferences (zwid, time_slot_id, preference_level) VALUES (5372432, '07:00', 0);
INSERT INTO user_time_preferences (zwid, time_slot_id, preference_level) VALUES (5372432, '07:30', 0);
INSERT INTO user_time_preferences (zwid, time_slot_id, preference_level) VALUES (5372432, '09:30', 0);
INSERT INTO user_time_preferences (zwid, time_slot_id, preference_level) VALUES (5372432, '10:30', 0);
INSERT INTO user_time_preferences (zwid, time_slot_id, preference_level) VALUES (5372432, '11:30', 0);
INSERT INTO user_time_preferences (zwid, time_slot_id, preference_level) VALUES (5372432, '12:00', 0);
INSERT INTO user_time_preferences (zwid, time_slot_id, preference_level) VALUES (5372432, '13:00', 0);
INSERT INTO user_time_preferences (zwid, time_slot_id, preference_level) VALUES (5372432, '14:00', 0);
INSERT INTO user_time_preferences (zwid, time_slot_id, preference_level) VALUES (5372432, '18:00', 2);
INSERT INTO user_time_preferences (zwid, time_slot_id, preference_level) VALUES (5372432, '18:30', 2);
INSERT INTO user_time_preferences (zwid, time_slot_id, preference_level) VALUES (5372432, '19:00', 2);
INSERT INTO user_time_preferences (zwid, time_slot_id, preference_level) VALUES (5372432, '19:15', 2);
INSERT INTO user_time_preferences (zwid, time_slot_id, preference_level) VALUES (5372432, '19:30', 1);
INSERT INTO user_time_preferences (zwid, time_slot_id, preference_level) VALUES (5372432, '19:45', 0);
INSERT INTO user_time_preferences (zwid, time_slot_id, preference_level) VALUES (5372432, '20:00', 0);
INSERT INTO user_time_preferences (zwid, time_slot_id, preference_level) VALUES (5372432, '20:15', 0);
INSERT INTO user_time_preferences (zwid, time_slot_id, preference_level) VALUES (5372432, '20:30', 0);
INSERT INTO user_time_preferences (zwid, time_slot_id, preference_level) VALUES (5372432, '20:45', 0);
INSERT INTO athletes (zwid, name, email, base_category, role) VALUES (2975361, 'Roberto Baroni', 'roberto.baroni957@gmail.com', 'C', 'user') ON CONFLICT(zwid) DO UPDATE SET name=excluded.name, base_category=excluded.base_category;
INSERT OR IGNORE INTO team_members (team_id, athlete_id) SELECT id, 2975361 FROM teams WHERE name = 'FIRE';
DELETE FROM user_time_preferences WHERE zwid = 2975361;
INSERT INTO user_time_preferences (zwid, time_slot_id, preference_level) VALUES (2975361, '18:00', 2);
INSERT INTO user_time_preferences (zwid, time_slot_id, preference_level) VALUES (2975361, '18:30', 2);
INSERT INTO user_time_preferences (zwid, time_slot_id, preference_level) VALUES (2975361, '19:00', 2);
INSERT INTO user_time_preferences (zwid, time_slot_id, preference_level) VALUES (2975361, '19:15', 2);
INSERT INTO user_time_preferences (zwid, time_slot_id, preference_level) VALUES (2975361, '19:30', 2);
INSERT INTO athletes (zwid, name, email, base_category, role) VALUES (5023502, 'Thomas Fischer', 'thomas95fischer@aol.com', 'C', 'user') ON CONFLICT(zwid) DO UPDATE SET name=excluded.name, base_category=excluded.base_category;
INSERT OR IGNORE INTO team_members (team_id, athlete_id) SELECT id, 5023502 FROM teams WHERE name = 'FIRE';
DELETE FROM user_time_preferences WHERE zwid = 5023502;
INSERT INTO athletes (zwid, name, email, base_category, role) VALUES (7596532, 'Luca Sampaolesi', 'lucasampa83@hotmail.it', 'C', 'user') ON CONFLICT(zwid) DO UPDATE SET name=excluded.name, base_category=excluded.base_category;
DELETE FROM user_time_preferences WHERE zwid = 7596532;
INSERT INTO user_time_preferences (zwid, time_slot_id, preference_level) VALUES (7596532, '19:15', 2);
INSERT INTO user_time_preferences (zwid, time_slot_id, preference_level) VALUES (7596532, '19:30', 2);
INSERT INTO athletes (zwid, name, email, base_category, role) VALUES (6059566, 'Antonio Caramia', 'antoniocaramia7@gmail.com', 'C', 'user') ON CONFLICT(zwid) DO UPDATE SET name=excluded.name, base_category=excluded.base_category;
INSERT OR IGNORE INTO teams (name, category) VALUES ('MONSTERS', 'C');
INSERT OR IGNORE INTO team_members (team_id, athlete_id) SELECT id, 6059566 FROM teams WHERE name = 'MONSTERS';
DELETE FROM user_time_preferences WHERE zwid = 6059566;
INSERT INTO athletes (zwid, name, email, base_category, role) VALUES (1821578, 'Cesare Pisacane', 'cesare.pisacane@gmail.com', 'C', 'user') ON CONFLICT(zwid) DO UPDATE SET name=excluded.name, base_category=excluded.base_category;
INSERT OR IGNORE INTO team_members (team_id, athlete_id) SELECT id, 1821578 FROM teams WHERE name = 'MONSTERS';
DELETE FROM user_time_preferences WHERE zwid = 1821578;
INSERT INTO athletes (zwid, name, email, base_category, role) VALUES (2336555, 'Davide Bertin', 'davidebertin7501@gmail.com', 'C', 'user') ON CONFLICT(zwid) DO UPDATE SET name=excluded.name, base_category=excluded.base_category;
INSERT OR IGNORE INTO team_members (team_id, athlete_id) SELECT id, 2336555 FROM teams WHERE name = 'MONSTERS';
DELETE FROM user_time_preferences WHERE zwid = 2336555;
INSERT INTO user_time_preferences (zwid, time_slot_id, preference_level) VALUES (2336555, '18:30', 1);
INSERT INTO athletes (zwid, name, email, base_category, role) VALUES (7463714, 'Michael Kirscht', 'michael_kirscht@web.de', 'C', 'user') ON CONFLICT(zwid) DO UPDATE SET name=excluded.name, base_category=excluded.base_category;
INSERT OR IGNORE INTO team_members (team_id, athlete_id) SELECT id, 7463714 FROM teams WHERE name = 'MONSTERS';
DELETE FROM user_time_preferences WHERE zwid = 7463714;
INSERT INTO athletes (zwid, name, email, base_category, role) VALUES (1900916, 'Michele Puri', 'michele.puri@gmail.com', 'C', 'user') ON CONFLICT(zwid) DO UPDATE SET name=excluded.name, base_category=excluded.base_category;
INSERT OR IGNORE INTO team_members (team_id, athlete_id) SELECT id, 1900916 FROM teams WHERE name = 'MONSTERS';
DELETE FROM user_time_preferences WHERE zwid = 1900916;
INSERT INTO athletes (zwid, name, email, base_category, role) VALUES (7371977, 'Roberto Sanna', 'robisanna@gmail.com', 'C', 'user') ON CONFLICT(zwid) DO UPDATE SET name=excluded.name, base_category=excluded.base_category;
INSERT OR IGNORE INTO team_members (team_id, athlete_id) SELECT id, 7371977 FROM teams WHERE name = 'MONSTERS';
DELETE FROM user_time_preferences WHERE zwid = 7371977;
INSERT INTO user_time_preferences (zwid, time_slot_id, preference_level) VALUES (7371977, '06:00', 0);
INSERT INTO user_time_preferences (zwid, time_slot_id, preference_level) VALUES (7371977, '07:00', 0);
INSERT INTO user_time_preferences (zwid, time_slot_id, preference_level) VALUES (7371977, '07:30', 0);
INSERT INTO user_time_preferences (zwid, time_slot_id, preference_level) VALUES (7371977, '09:30', 0);
INSERT INTO user_time_preferences (zwid, time_slot_id, preference_level) VALUES (7371977, '10:30', 0);
INSERT INTO user_time_preferences (zwid, time_slot_id, preference_level) VALUES (7371977, '11:30', 1);
INSERT INTO user_time_preferences (zwid, time_slot_id, preference_level) VALUES (7371977, '12:00', 1);
INSERT INTO user_time_preferences (zwid, time_slot_id, preference_level) VALUES (7371977, '13:00', 0);
INSERT INTO user_time_preferences (zwid, time_slot_id, preference_level) VALUES (7371977, '14:00', 0);
INSERT INTO user_time_preferences (zwid, time_slot_id, preference_level) VALUES (7371977, '18:00', 2);
INSERT INTO user_time_preferences (zwid, time_slot_id, preference_level) VALUES (7371977, '18:30', 2);
INSERT INTO user_time_preferences (zwid, time_slot_id, preference_level) VALUES (7371977, '19:00', 0);
INSERT INTO user_time_preferences (zwid, time_slot_id, preference_level) VALUES (7371977, '19:15', 0);
INSERT INTO user_time_preferences (zwid, time_slot_id, preference_level) VALUES (7371977, '19:30', 0);
INSERT INTO user_time_preferences (zwid, time_slot_id, preference_level) VALUES (7371977, '19:45', 0);
INSERT INTO user_time_preferences (zwid, time_slot_id, preference_level) VALUES (7371977, '20:00', 0);
INSERT INTO user_time_preferences (zwid, time_slot_id, preference_level) VALUES (7371977, '20:15', 0);
INSERT INTO user_time_preferences (zwid, time_slot_id, preference_level) VALUES (7371977, '20:30', 0);
INSERT INTO user_time_preferences (zwid, time_slot_id, preference_level) VALUES (7371977, '20:45', 0);
INSERT INTO athletes (zwid, name, email, base_category, role) VALUES (943471, 'Salvo Matarazzo', 'salvatorematarazzo@gmail.com', 'C', 'user') ON CONFLICT(zwid) DO UPDATE SET name=excluded.name, base_category=excluded.base_category;
INSERT OR IGNORE INTO team_members (team_id, athlete_id) SELECT id, 943471 FROM teams WHERE name = 'MONSTERS';
DELETE FROM user_time_preferences WHERE zwid = 943471;
INSERT INTO user_time_preferences (zwid, time_slot_id, preference_level) VALUES (943471, '18:30', 2);
INSERT INTO user_time_preferences (zwid, time_slot_id, preference_level) VALUES (943471, '20:30', 2);
INSERT INTO user_time_preferences (zwid, time_slot_id, preference_level) VALUES (943471, '20:45', 2);
INSERT INTO athletes (zwid, name, email, base_category, role) VALUES (4583700, 'Sandro Giusti', 'sandrogiusti76@gmail.com', 'C', 'user') ON CONFLICT(zwid) DO UPDATE SET name=excluded.name, base_category=excluded.base_category;
INSERT OR IGNORE INTO team_members (team_id, athlete_id) SELECT id, 4583700 FROM teams WHERE name = 'MONSTERS';
DELETE FROM user_time_preferences WHERE zwid = 4583700;
INSERT INTO user_time_preferences (zwid, time_slot_id, preference_level) VALUES (4583700, '06:00', 0);
INSERT INTO user_time_preferences (zwid, time_slot_id, preference_level) VALUES (4583700, '07:00', 0);
INSERT INTO user_time_preferences (zwid, time_slot_id, preference_level) VALUES (4583700, '07:30', 0);
INSERT INTO user_time_preferences (zwid, time_slot_id, preference_level) VALUES (4583700, '09:30', 0);
INSERT INTO user_time_preferences (zwid, time_slot_id, preference_level) VALUES (4583700, '10:30', 0);
INSERT INTO user_time_preferences (zwid, time_slot_id, preference_level) VALUES (4583700, '11:30', 0);
INSERT INTO user_time_preferences (zwid, time_slot_id, preference_level) VALUES (4583700, '12:00', 0);
INSERT INTO user_time_preferences (zwid, time_slot_id, preference_level) VALUES (4583700, '13:00', 0);
INSERT INTO user_time_preferences (zwid, time_slot_id, preference_level) VALUES (4583700, '14:00', 0);
INSERT INTO user_time_preferences (zwid, time_slot_id, preference_level) VALUES (4583700, '18:00', 2);
INSERT INTO user_time_preferences (zwid, time_slot_id, preference_level) VALUES (4583700, '18:30', 1);
INSERT INTO user_time_preferences (zwid, time_slot_id, preference_level) VALUES (4583700, '19:00', 0);
INSERT INTO user_time_preferences (zwid, time_slot_id, preference_level) VALUES (4583700, '19:15', 0);
INSERT INTO user_time_preferences (zwid, time_slot_id, preference_level) VALUES (4583700, '19:30', 0);
INSERT INTO user_time_preferences (zwid, time_slot_id, preference_level) VALUES (4583700, '19:45', 0);
INSERT INTO user_time_preferences (zwid, time_slot_id, preference_level) VALUES (4583700, '20:00', 0);
INSERT INTO user_time_preferences (zwid, time_slot_id, preference_level) VALUES (4583700, '20:15', 0);
INSERT INTO user_time_preferences (zwid, time_slot_id, preference_level) VALUES (4583700, '20:30', 0);
INSERT INTO user_time_preferences (zwid, time_slot_id, preference_level) VALUES (4583700, '20:45', 0);
INSERT INTO athletes (zwid, name, email, base_category, role) VALUES (7659233, 'Fabio Ghislotti', 'fabio@digitex.is.it', 'C', 'user') ON CONFLICT(zwid) DO UPDATE SET name=excluded.name, base_category=excluded.base_category;
INSERT OR IGNORE INTO teams (name, category) VALUES ('PRO', 'C');
INSERT OR IGNORE INTO team_members (team_id, athlete_id) SELECT id, 7659233 FROM teams WHERE name = 'PRO';
DELETE FROM user_time_preferences WHERE zwid = 7659233;
INSERT INTO athletes (zwid, name, email, base_category, role) VALUES (6109036, 'Giancarlo Rugolo', 'g.rugolo@gmx.de', 'C', 'user') ON CONFLICT(zwid) DO UPDATE SET name=excluded.name, base_category=excluded.base_category;
INSERT OR IGNORE INTO team_members (team_id, athlete_id) SELECT id, 6109036 FROM teams WHERE name = 'PRO';
DELETE FROM user_time_preferences WHERE zwid = 6109036;
INSERT INTO athletes (zwid, name, email, base_category, role) VALUES (6811945, 'Marco Esposito', 'marco.1978@alice.it', 'C', 'user') ON CONFLICT(zwid) DO UPDATE SET name=excluded.name, base_category=excluded.base_category;
INSERT OR IGNORE INTO team_members (team_id, athlete_id) SELECT id, 6811945 FROM teams WHERE name = 'PRO';
DELETE FROM user_time_preferences WHERE zwid = 6811945;
INSERT INTO athletes (zwid, name, email, base_category, role) VALUES (6172044, 'Umberto Dianzani', 'umberto.dianzani@uniupo.it', 'C', 'user') ON CONFLICT(zwid) DO UPDATE SET name=excluded.name, base_category=excluded.base_category;
INSERT OR IGNORE INTO team_members (team_id, athlete_id) SELECT id, 6172044 FROM teams WHERE name = 'PRO';
DELETE FROM user_time_preferences WHERE zwid = 6172044;
INSERT INTO user_time_preferences (zwid, time_slot_id, preference_level) VALUES (6172044, '19:00', 1);
INSERT INTO user_time_preferences (zwid, time_slot_id, preference_level) VALUES (6172044, '19:15', 2);
INSERT INTO athletes (zwid, name, email, base_category, role) VALUES (3165807, 'Andrea Castori', 'andrea.castori@alice.it', 'D', 'user') ON CONFLICT(zwid) DO UPDATE SET name=excluded.name, base_category=excluded.base_category;
INSERT OR IGNORE INTO teams (name, category) VALUES ('LOL', 'D');
INSERT OR IGNORE INTO team_members (team_id, athlete_id) SELECT id, 3165807 FROM teams WHERE name = 'LOL';
DELETE FROM user_time_preferences WHERE zwid = 3165807;
INSERT INTO athletes (zwid, name, email, base_category, role) VALUES (4386482, 'Claudio Fioravanti', 'claudio.fioravanti.ap@gmail.com', 'D', 'user') ON CONFLICT(zwid) DO UPDATE SET name=excluded.name, base_category=excluded.base_category;
INSERT OR IGNORE INTO team_members (team_id, athlete_id) SELECT id, 4386482 FROM teams WHERE name = 'LOL';
DELETE FROM user_time_preferences WHERE zwid = 4386482;
INSERT INTO athletes (zwid, name, email, base_category, role) VALUES (2197162, 'Dario Paparella', 'dariop1975@gmail.com', 'D', 'user') ON CONFLICT(zwid) DO UPDATE SET name=excluded.name, base_category=excluded.base_category;
INSERT OR IGNORE INTO team_members (team_id, athlete_id) SELECT id, 2197162 FROM teams WHERE name = 'LOL';
DELETE FROM user_time_preferences WHERE zwid = 2197162;
INSERT INTO athletes (zwid, name, email, base_category, role) VALUES (6063066, 'David Grosso', 'dgrosso@45consulting.com', 'D', 'user') ON CONFLICT(zwid) DO UPDATE SET name=excluded.name, base_category=excluded.base_category;
INSERT OR IGNORE INTO team_members (team_id, athlete_id) SELECT id, 6063066 FROM teams WHERE name = 'LOL';
DELETE FROM user_time_preferences WHERE zwid = 6063066;
INSERT INTO user_time_preferences (zwid, time_slot_id, preference_level) VALUES (6063066, '18:30', 2);
INSERT INTO user_time_preferences (zwid, time_slot_id, preference_level) VALUES (6063066, '19:00', 1);
INSERT INTO user_time_preferences (zwid, time_slot_id, preference_level) VALUES (6063066, '19:15', 1);
INSERT INTO athletes (zwid, name, email, base_category, role) VALUES (1652663, 'Graziano Gabrieli', '', 'D', 'user') ON CONFLICT(zwid) DO UPDATE SET name=excluded.name, base_category=excluded.base_category;
INSERT OR IGNORE INTO team_members (team_id, athlete_id) SELECT id, 1652663 FROM teams WHERE name = 'LOL';
DELETE FROM user_time_preferences WHERE zwid = 1652663;
INSERT INTO athletes (zwid, name, email, base_category, role) VALUES (4483917, 'Paolo Campajola', 'p.campajola@gmail.com', 'D', 'user') ON CONFLICT(zwid) DO UPDATE SET name=excluded.name, base_category=excluded.base_category;
INSERT OR IGNORE INTO team_members (team_id, athlete_id) SELECT id, 4483917 FROM teams WHERE name = 'LOL';
DELETE FROM user_time_preferences WHERE zwid = 4483917;
INSERT INTO athletes (zwid, name, email, base_category, role) VALUES (2148682, 'Raffaele Santoni', 'raffa.santoni50@gmail.com', 'D', 'user') ON CONFLICT(zwid) DO UPDATE SET name=excluded.name, base_category=excluded.base_category;
INSERT OR IGNORE INTO team_members (team_id, athlete_id) SELECT id, 2148682 FROM teams WHERE name = 'LOL';
DELETE FROM user_time_preferences WHERE zwid = 2148682;
INSERT INTO athletes (zwid, name, email, base_category, role) VALUES (1573619, 'Roberto Regno', 'robren6660@gmail.com', 'D', 'user') ON CONFLICT(zwid) DO UPDATE SET name=excluded.name, base_category=excluded.base_category;
INSERT OR IGNORE INTO team_members (team_id, athlete_id) SELECT id, 1573619 FROM teams WHERE name = 'LOL';
DELETE FROM user_time_preferences WHERE zwid = 1573619;
INSERT INTO user_time_preferences (zwid, time_slot_id, preference_level) VALUES (1573619, '18:30', 2);
INSERT INTO user_time_preferences (zwid, time_slot_id, preference_level) VALUES (1573619, '19:00', 2);
INSERT INTO athletes (zwid, name, email, base_category, role) VALUES (7603081, 'Giovanni Cingolani', 'giovanni.cingolani.68@gmail.com', 'D', 'user') ON CONFLICT(zwid) DO UPDATE SET name=excluded.name, base_category=excluded.base_category;
INSERT OR IGNORE INTO team_members (team_id, athlete_id) SELECT id, 7603081 FROM teams WHERE name = 'LOL';
DELETE FROM user_time_preferences WHERE zwid = 7603081;
INSERT INTO athletes (zwid, name, email, base_category, role) VALUES (7735580, 'Cristian Bonafé', 'deltamarmi@libero.it', 'D', 'user') ON CONFLICT(zwid) DO UPDATE SET name=excluded.name, base_category=excluded.base_category;
INSERT OR IGNORE INTO team_members (team_id, athlete_id) SELECT id, 7735580 FROM teams WHERE name = 'LOL';
DELETE FROM user_time_preferences WHERE zwid = 7735580;
INSERT INTO user_time_preferences (zwid, time_slot_id, preference_level) VALUES (7735580, '18:30', 2);
INSERT INTO user_time_preferences (zwid, time_slot_id, preference_level) VALUES (7735580, '19:00', 2);
INSERT INTO user_time_preferences (zwid, time_slot_id, preference_level) VALUES (7735580, '19:15', 2);
INSERT INTO athletes (zwid, name, email, base_category, role) VALUES (209528, 'Aaron Barnett', 'vo2maxoh@gmail.com', 'N/A', 'user') ON CONFLICT(zwid) DO UPDATE SET name=excluded.name, base_category=excluded.base_category;
DELETE FROM user_time_preferences WHERE zwid = 209528;
INSERT INTO athletes (zwid, name, email, base_category, role) VALUES (766165, 'Adrian Kloster', 'Klosteradrian84@gmail.com', 'N/A', 'user') ON CONFLICT(zwid) DO UPDATE SET name=excluded.name, base_category=excluded.base_category;
DELETE FROM user_time_preferences WHERE zwid = 766165;
INSERT INTO athletes (zwid, name, email, base_category, role) VALUES (42382, 'Alberto Ianiro', 'aianiro@gmail.com', 'N/A', 'user') ON CONFLICT(zwid) DO UPDATE SET name=excluded.name, base_category=excluded.base_category;
DELETE FROM user_time_preferences WHERE zwid = 42382;
INSERT INTO athletes (zwid, name, email, base_category, role) VALUES (2846874, 'Alessandro Gabrieli', 'alessandrogabri_1987@libero.it', 'N/A', 'user') ON CONFLICT(zwid) DO UPDATE SET name=excluded.name, base_category=excluded.base_category;
DELETE FROM user_time_preferences WHERE zwid = 2846874;
INSERT INTO athletes (zwid, name, email, base_category, role) VALUES (6731694, 'Alessandro Sozzi', '', 'N/A', 'user') ON CONFLICT(zwid) DO UPDATE SET name=excluded.name, base_category=excluded.base_category;
DELETE FROM user_time_preferences WHERE zwid = 6731694;
INSERT INTO athletes (zwid, name, email, base_category, role) VALUES (1018362, 'Andrea Corbara', 'corbaraandrea@gmail.com', 'N/A', 'user') ON CONFLICT(zwid) DO UPDATE SET name=excluded.name, base_category=excluded.base_category;
DELETE FROM user_time_preferences WHERE zwid = 1018362;
INSERT INTO athletes (zwid, name, email, base_category, role) VALUES (2332799, 'Andrea De Petris', 'andrea.depetris1986@gmail.com', 'N/A', 'user') ON CONFLICT(zwid) DO UPDATE SET name=excluded.name, base_category=excluded.base_category;
DELETE FROM user_time_preferences WHERE zwid = 2332799;
INSERT INTO athletes (zwid, name, email, base_category, role) VALUES (7994833, 'Antonio Jimenez', 'antoniofast2008@gmail.com', 'N/A', 'user') ON CONFLICT(zwid) DO UPDATE SET name=excluded.name, base_category=excluded.base_category;
DELETE FROM user_time_preferences WHERE zwid = 7994833;
INSERT INTO athletes (zwid, name, email, base_category, role) VALUES (290613, 'Benedikt Magnusson', 'deadlift83@gmail.com', 'N/A', 'user') ON CONFLICT(zwid) DO UPDATE SET name=excluded.name, base_category=excluded.base_category;
DELETE FROM user_time_preferences WHERE zwid = 290613;
INSERT INTO athletes (zwid, name, email, base_category, role) VALUES (7317487, 'Brooke Goggin', 'brooke.goggin@gmail.com', 'N/A', 'user') ON CONFLICT(zwid) DO UPDATE SET name=excluded.name, base_category=excluded.base_category;
DELETE FROM user_time_preferences WHERE zwid = 7317487;
INSERT INTO athletes (zwid, name, email, base_category, role) VALUES (5783213, 'Bruno Biancardi', '', 'N/A', 'user') ON CONFLICT(zwid) DO UPDATE SET name=excluded.name, base_category=excluded.base_category;
DELETE FROM user_time_preferences WHERE zwid = 5783213;
INSERT INTO athletes (zwid, name, email, base_category, role) VALUES (16461, 'Capski Buttinski', 'artistsatwork1@mac.com', 'N/A', 'user') ON CONFLICT(zwid) DO UPDATE SET name=excluded.name, base_category=excluded.base_category;
DELETE FROM user_time_preferences WHERE zwid = 16461;
INSERT INTO athletes (zwid, name, email, base_category, role) VALUES (1121198, 'Carlos Cubas', 'cubas666@hotmail.com', 'N/A', 'user') ON CONFLICT(zwid) DO UPDATE SET name=excluded.name, base_category=excluded.base_category;
DELETE FROM user_time_preferences WHERE zwid = 1121198;
INSERT INTO athletes (zwid, name, email, base_category, role) VALUES (5576083, 'Carlos Léon', 'carlosleoncastano@gmail.com', 'N/A', 'user') ON CONFLICT(zwid) DO UPDATE SET name=excluded.name, base_category=excluded.base_category;
DELETE FROM user_time_preferences WHERE zwid = 5576083;
INSERT INTO athletes (zwid, name, email, base_category, role) VALUES (1791956, 'Cesare Carminati', 'cesare.carminati@gmail.com', 'N/A', 'user') ON CONFLICT(zwid) DO UPDATE SET name=excluded.name, base_category=excluded.base_category;
DELETE FROM user_time_preferences WHERE zwid = 1791956;
INSERT INTO athletes (zwid, name, email, base_category, role) VALUES (7536675, 'Chris Lindström', 'chrislind90@gmail.com', 'N/A', 'user') ON CONFLICT(zwid) DO UPDATE SET name=excluded.name, base_category=excluded.base_category;
DELETE FROM user_time_preferences WHERE zwid = 7536675;
INSERT INTO athletes (zwid, name, email, base_category, role) VALUES (4464058, 'Christian Bergamini', '', 'N/A', 'user') ON CONFLICT(zwid) DO UPDATE SET name=excluded.name, base_category=excluded.base_category;
DELETE FROM user_time_preferences WHERE zwid = 4464058;
INSERT INTO athletes (zwid, name, email, base_category, role) VALUES (5313186, 'Christian Tuzzi', 'carlitostoretto@gmail.com', 'N/A', 'user') ON CONFLICT(zwid) DO UPDATE SET name=excluded.name, base_category=excluded.base_category;
DELETE FROM user_time_preferences WHERE zwid = 5313186;
INSERT INTO athletes (zwid, name, email, base_category, role) VALUES (6060803, 'Ciclista della Domenica', '', 'N/A', 'user') ON CONFLICT(zwid) DO UPDATE SET name=excluded.name, base_category=excluded.base_category;
DELETE FROM user_time_preferences WHERE zwid = 6060803;
INSERT INTO athletes (zwid, name, email, base_category, role) VALUES (497406, 'Claudio Naselli', 'magicosboy@hotmail.it', 'N/A', 'user') ON CONFLICT(zwid) DO UPDATE SET name=excluded.name, base_category=excluded.base_category;
DELETE FROM user_time_preferences WHERE zwid = 497406;
INSERT INTO athletes (zwid, name, email, base_category, role) VALUES (6940707, 'Claudio News', '', 'N/A', 'user') ON CONFLICT(zwid) DO UPDATE SET name=excluded.name, base_category=excluded.base_category;
DELETE FROM user_time_preferences WHERE zwid = 6940707;
INSERT INTO athletes (zwid, name, email, base_category, role) VALUES (3251469, 'Cosimo Gualano', 'cosimo.gualano@gmail.com', 'N/A', 'user') ON CONFLICT(zwid) DO UPDATE SET name=excluded.name, base_category=excluded.base_category;
DELETE FROM user_time_preferences WHERE zwid = 3251469;
INSERT INTO athletes (zwid, name, email, base_category, role) VALUES (1564205, 'Cristian Marcotto', 'marcottocristian72@gmail.com', 'N/A', 'user') ON CONFLICT(zwid) DO UPDATE SET name=excluded.name, base_category=excluded.base_category;
DELETE FROM user_time_preferences WHERE zwid = 1564205;
INSERT INTO athletes (zwid, name, email, base_category, role) VALUES (5015562, 'Cristian Modolin', 'cristiansirk@icloud.com', 'N/A', 'user') ON CONFLICT(zwid) DO UPDATE SET name=excluded.name, base_category=excluded.base_category;
DELETE FROM user_time_preferences WHERE zwid = 5015562;
INSERT INTO athletes (zwid, name, email, base_category, role) VALUES (6432653, 'Cristian Raimo', 'machebellosono@gmail.com', 'N/A', 'user') ON CONFLICT(zwid) DO UPDATE SET name=excluded.name, base_category=excluded.base_category;
DELETE FROM user_time_preferences WHERE zwid = 6432653;
INSERT INTO athletes (zwid, name, email, base_category, role) VALUES (2195105, 'Daniele La Porta', 'laportadaniele@gmail.com', 'N/A', 'user') ON CONFLICT(zwid) DO UPDATE SET name=excluded.name, base_category=excluded.base_category;
DELETE FROM user_time_preferences WHERE zwid = 2195105;
INSERT INTO athletes (zwid, name, email, base_category, role) VALUES (1799535, 'Daniele Sforza', 'dani.sforza@libero.it', 'N/A', 'user') ON CONFLICT(zwid) DO UPDATE SET name=excluded.name, base_category=excluded.base_category;
DELETE FROM user_time_preferences WHERE zwid = 1799535;
INSERT INTO athletes (zwid, name, email, base_category, role) VALUES (844179, 'Dario Finatti', 'dariofinatti@gmail.com', 'N/A', 'user') ON CONFLICT(zwid) DO UPDATE SET name=excluded.name, base_category=excluded.base_category;
DELETE FROM user_time_preferences WHERE zwid = 844179;
INSERT INTO athletes (zwid, name, email, base_category, role) VALUES (5425127, 'Dave OCarroll', '', 'N/A', 'user') ON CONFLICT(zwid) DO UPDATE SET name=excluded.name, base_category=excluded.base_category;
DELETE FROM user_time_preferences WHERE zwid = 5425127;
INSERT INTO athletes (zwid, name, email, base_category, role) VALUES (848922, 'David Crisp', 'david.crisp@shaw.ca', 'N/A', 'user') ON CONFLICT(zwid) DO UPDATE SET name=excluded.name, base_category=excluded.base_category;
DELETE FROM user_time_preferences WHERE zwid = 848922;
INSERT INTO athletes (zwid, name, email, base_category, role) VALUES (490979, 'David Kellogg', 'dave@kelloggassociates.com', 'N/A', 'user') ON CONFLICT(zwid) DO UPDATE SET name=excluded.name, base_category=excluded.base_category;
DELETE FROM user_time_preferences WHERE zwid = 490979;
INSERT INTO athletes (zwid, name, email, base_category, role) VALUES (2360782, 'Davide Rufo', 'davide.rufo@libero.it', 'N/A', 'user') ON CONFLICT(zwid) DO UPDATE SET name=excluded.name, base_category=excluded.base_category;
DELETE FROM user_time_preferences WHERE zwid = 2360782;
INSERT INTO athletes (zwid, name, email, base_category, role) VALUES (976527, 'DB Tania', '', 'N/A', 'user') ON CONFLICT(zwid) DO UPDATE SET name=excluded.name, base_category=excluded.base_category;
DELETE FROM user_time_preferences WHERE zwid = 976527;
INSERT INTO athletes (zwid, name, email, base_category, role) VALUES (4972543, 'Dee Sagio', 'massimo.baldo@protonmail.com', 'N/A', 'user') ON CONFLICT(zwid) DO UPDATE SET name=excluded.name, base_category=excluded.base_category;
DELETE FROM user_time_preferences WHERE zwid = 4972543;
INSERT INTO athletes (zwid, name, email, base_category, role) VALUES (5474460, 'Dieter Verbrugghe', 'verbrugghedieter@gmail.com', 'N/A', 'user') ON CONFLICT(zwid) DO UPDATE SET name=excluded.name, base_category=excluded.base_category;
DELETE FROM user_time_preferences WHERE zwid = 5474460;
INSERT INTO athletes (zwid, name, email, base_category, role) VALUES (3499743, 'Elvis Gatta', '', 'N/A', 'user') ON CONFLICT(zwid) DO UPDATE SET name=excluded.name, base_category=excluded.base_category;
DELETE FROM user_time_preferences WHERE zwid = 3499743;
INSERT INTO athletes (zwid, name, email, base_category, role) VALUES (1406131, 'Emmanuel Cuet', 'emmanuel@cuet.fr', 'N/A', 'user') ON CONFLICT(zwid) DO UPDATE SET name=excluded.name, base_category=excluded.base_category;
DELETE FROM user_time_preferences WHERE zwid = 1406131;
INSERT INTO athletes (zwid, name, email, base_category, role) VALUES (7065061, 'Enrico Emili', 'enricoemili1982@gmail.com', 'N/A', 'user') ON CONFLICT(zwid) DO UPDATE SET name=excluded.name, base_category=excluded.base_category;
DELETE FROM user_time_preferences WHERE zwid = 7065061;
INSERT INTO athletes (zwid, name, email, base_category, role) VALUES (4444887, 'Enrico Oggiano', '', 'N/A', 'user') ON CONFLICT(zwid) DO UPDATE SET name=excluded.name, base_category=excluded.base_category;
DELETE FROM user_time_preferences WHERE zwid = 4444887;
INSERT INTO athletes (zwid, name, email, base_category, role) VALUES (5343460, 'Eugi Eugi', '', 'N/A', 'user') ON CONFLICT(zwid) DO UPDATE SET name=excluded.name, base_category=excluded.base_category;
DELETE FROM user_time_preferences WHERE zwid = 5343460;
INSERT INTO athletes (zwid, name, email, base_category, role) VALUES (7480908, 'Eveline Decock', 'eveline_decock@skynet.be', 'N/A', 'user') ON CONFLICT(zwid) DO UPDATE SET name=excluded.name, base_category=excluded.base_category;
DELETE FROM user_time_preferences WHERE zwid = 7480908;
INSERT INTO athletes (zwid, name, email, base_category, role) VALUES (1403401, 'Federico Antognazza', 'antognazza.federico@gmail.com', 'N/A', 'user') ON CONFLICT(zwid) DO UPDATE SET name=excluded.name, base_category=excluded.base_category;
DELETE FROM user_time_preferences WHERE zwid = 1403401;
INSERT INTO athletes (zwid, name, email, base_category, role) VALUES (164079, 'Florent Genestet', 'f.genestet@gmail.com', 'N/A', 'user') ON CONFLICT(zwid) DO UPDATE SET name=excluded.name, base_category=excluded.base_category;
DELETE FROM user_time_preferences WHERE zwid = 164079;
INSERT INTO athletes (zwid, name, email, base_category, role) VALUES (1811855, 'Francesco Cisko', 'cisko73mi@gmail.com', 'N/A', 'user') ON CONFLICT(zwid) DO UPDATE SET name=excluded.name, base_category=excluded.base_category;
DELETE FROM user_time_preferences WHERE zwid = 1811855;
INSERT INTO athletes (zwid, name, email, base_category, role) VALUES (6046042, 'Francesco Maestri', 'fast_franz@hotmail.com', 'N/A', 'user') ON CONFLICT(zwid) DO UPDATE SET name=excluded.name, base_category=excluded.base_category;
DELETE FROM user_time_preferences WHERE zwid = 6046042;
INSERT INTO athletes (zwid, name, email, base_category, role) VALUES (5189456, 'Frederich E Sonia Costa', '', 'N/A', 'user') ON CONFLICT(zwid) DO UPDATE SET name=excluded.name, base_category=excluded.base_category;
DELETE FROM user_time_preferences WHERE zwid = 5189456;
INSERT INTO athletes (zwid, name, email, base_category, role) VALUES (604459, 'Fulvio Pedersini', 'fulvio.pedersini@gmail.com', 'N/A', 'user') ON CONFLICT(zwid) DO UPDATE SET name=excluded.name, base_category=excluded.base_category;
DELETE FROM user_time_preferences WHERE zwid = 604459;
INSERT INTO athletes (zwid, name, email, base_category, role) VALUES (902450, 'Ganpiero Musarò', 'gian.musa@gmail.com', 'N/A', 'user') ON CONFLICT(zwid) DO UPDATE SET name=excluded.name, base_category=excluded.base_category;
DELETE FROM user_time_preferences WHERE zwid = 902450;
INSERT INTO athletes (zwid, name, email, base_category, role) VALUES (6144998, 'Garret Gosney', 'gosney.garret@gmail.com', 'N/A', 'user') ON CONFLICT(zwid) DO UPDATE SET name=excluded.name, base_category=excluded.base_category;
DELETE FROM user_time_preferences WHERE zwid = 6144998;
INSERT INTO athletes (zwid, name, email, base_category, role) VALUES (1461193, 'Geordy Daws', 'geordy312@gmail.com', 'N/A', 'user') ON CONFLICT(zwid) DO UPDATE SET name=excluded.name, base_category=excluded.base_category;
DELETE FROM user_time_preferences WHERE zwid = 1461193;
INSERT INTO athletes (zwid, name, email, base_category, role) VALUES (3963089, 'Gianluca Squitieri', '', 'N/A', 'user') ON CONFLICT(zwid) DO UPDATE SET name=excluded.name, base_category=excluded.base_category;
DELETE FROM user_time_preferences WHERE zwid = 3963089;
INSERT INTO athletes (zwid, name, email, base_category, role) VALUES (735777, 'Giorgio Picasso', 'giopicgal@iol.it', 'N/A', 'user') ON CONFLICT(zwid) DO UPDATE SET name=excluded.name, base_category=excluded.base_category;
DELETE FROM user_time_preferences WHERE zwid = 735777;
INSERT INTO athletes (zwid, name, email, base_category, role) VALUES (4562674, 'Giorgios Filiousis', 'giorgosfiliousis@hotmail.com', 'N/A', 'user') ON CONFLICT(zwid) DO UPDATE SET name=excluded.name, base_category=excluded.base_category;
DELETE FROM user_time_preferences WHERE zwid = 4562674;
INSERT INTO athletes (zwid, name, email, base_category, role) VALUES (7075516, 'Gonzalo Ruiz', 'ruizgonzalo1982@gmail.com', 'N/A', 'user') ON CONFLICT(zwid) DO UPDATE SET name=excluded.name, base_category=excluded.base_category;
DELETE FROM user_time_preferences WHERE zwid = 7075516;
INSERT INTO athletes (zwid, name, email, base_category, role) VALUES (15737, 'Gregg Christy', 'greggchristy94@gmail.com', 'N/A', 'user') ON CONFLICT(zwid) DO UPDATE SET name=excluded.name, base_category=excluded.base_category;
DELETE FROM user_time_preferences WHERE zwid = 15737;
INSERT INTO athletes (zwid, name, email, base_category, role) VALUES (260568, 'Grzegorz Neubauer', '', 'N/A', 'user') ON CONFLICT(zwid) DO UPDATE SET name=excluded.name, base_category=excluded.base_category;
DELETE FROM user_time_preferences WHERE zwid = 260568;
INSERT INTO athletes (zwid, name, email, base_category, role) VALUES (1555465, 'Guido Grandi', '', 'N/A', 'user') ON CONFLICT(zwid) DO UPDATE SET name=excluded.name, base_category=excluded.base_category;
DELETE FROM user_time_preferences WHERE zwid = 1555465;
INSERT INTO athletes (zwid, name, email, base_category, role) VALUES (1804867, 'Hugo Pecellin', 'hugojgpecellin@gmail.com', 'N/A', 'user') ON CONFLICT(zwid) DO UPDATE SET name=excluded.name, base_category=excluded.base_category;
DELETE FROM user_time_preferences WHERE zwid = 1804867;
INSERT INTO athletes (zwid, name, email, base_category, role) VALUES (35914, 'Igor Molino', 'igoro8746@hotmail.it', 'N/A', 'user') ON CONFLICT(zwid) DO UPDATE SET name=excluded.name, base_category=excluded.base_category;
DELETE FROM user_time_preferences WHERE zwid = 35914;
INSERT INTO athletes (zwid, name, email, base_category, role) VALUES (5326476, 'Jack Regier', 'jackregier1115@gmail.com', 'N/A', 'user') ON CONFLICT(zwid) DO UPDATE SET name=excluded.name, base_category=excluded.base_category;
DELETE FROM user_time_preferences WHERE zwid = 5326476;
INSERT INTO athletes (zwid, name, email, base_category, role) VALUES (1469978, 'Jeff Bolton', 'jeffb831@gmail.com', 'N/A', 'user') ON CONFLICT(zwid) DO UPDATE SET name=excluded.name, base_category=excluded.base_category;
DELETE FROM user_time_preferences WHERE zwid = 1469978;
INSERT INTO athletes (zwid, name, email, base_category, role) VALUES (5908339, 'Joao Branquinho', 'joaobranquinho81@gmail.com', 'N/A', 'user') ON CONFLICT(zwid) DO UPDATE SET name=excluded.name, base_category=excluded.base_category;
DELETE FROM user_time_preferences WHERE zwid = 5908339;
INSERT INTO athletes (zwid, name, email, base_category, role) VALUES (3017268, 'Joel Boelke', 'joelboelke@yahoo.com', 'N/A', 'user') ON CONFLICT(zwid) DO UPDATE SET name=excluded.name, base_category=excluded.base_category;
DELETE FROM user_time_preferences WHERE zwid = 3017268;
INSERT INTO athletes (zwid, name, email, base_category, role) VALUES (3049348, 'John Peters', 'john.j.peters@gmail.com', 'N/A', 'user') ON CONFLICT(zwid) DO UPDATE SET name=excluded.name, base_category=excluded.base_category;
DELETE FROM user_time_preferences WHERE zwid = 3049348;
INSERT INTO athletes (zwid, name, email, base_category, role) VALUES (1484672, 'Johnni Marchetto', 'j.marchetto78@gmail.com', 'N/A', 'user') ON CONFLICT(zwid) DO UPDATE SET name=excluded.name, base_category=excluded.base_category;
DELETE FROM user_time_preferences WHERE zwid = 1484672;
INSERT INTO athletes (zwid, name, email, base_category, role) VALUES (16461, 'Jonah Mittelmann', 'jonah.mittelmann@icloud.com', 'N/A', 'user') ON CONFLICT(zwid) DO UPDATE SET name=excluded.name, base_category=excluded.base_category;
DELETE FROM user_time_preferences WHERE zwid = 16461;
INSERT INTO athletes (zwid, name, email, base_category, role) VALUES (846208, 'JP Provost', 'jprovost64@gmail.com', 'N/A', 'user') ON CONFLICT(zwid) DO UPDATE SET name=excluded.name, base_category=excluded.base_category;
DELETE FROM user_time_preferences WHERE zwid = 846208;
INSERT INTO athletes (zwid, name, email, base_category, role) VALUES (1907363, 'Juan José De la muela Pavon', 'juanjo_muela@hotmail.com', 'N/A', 'user') ON CONFLICT(zwid) DO UPDATE SET name=excluded.name, base_category=excluded.base_category;
DELETE FROM user_time_preferences WHERE zwid = 1907363;
INSERT INTO athletes (zwid, name, email, base_category, role) VALUES (2895594, 'Julien Pierre', '', 'N/A', 'user') ON CONFLICT(zwid) DO UPDATE SET name=excluded.name, base_category=excluded.base_category;
DELETE FROM user_time_preferences WHERE zwid = 2895594;
INSERT INTO athletes (zwid, name, email, base_category, role) VALUES (475206, 'Kevin Winterfield', 'kmwinterfield@gmail.com', 'N/A', 'user') ON CONFLICT(zwid) DO UPDATE SET name=excluded.name, base_category=excluded.base_category;
DELETE FROM user_time_preferences WHERE zwid = 475206;
INSERT INTO athletes (zwid, name, email, base_category, role) VALUES (2683925, 'L M', 'philliplee77@rocketmail.com', 'N/A', 'user') ON CONFLICT(zwid) DO UPDATE SET name=excluded.name, base_category=excluded.base_category;
DELETE FROM user_time_preferences WHERE zwid = 2683925;
INSERT INTO athletes (zwid, name, email, base_category, role) VALUES (7026408, 'Lee Brenner', 'leebrenner164@gmail.com', 'N/A', 'user') ON CONFLICT(zwid) DO UPDATE SET name=excluded.name, base_category=excluded.base_category;
DELETE FROM user_time_preferences WHERE zwid = 7026408;
INSERT INTO athletes (zwid, name, email, base_category, role) VALUES (7135119, 'Louis Swift', 'adresssignup@gmail.com', 'N/A', 'user') ON CONFLICT(zwid) DO UPDATE SET name=excluded.name, base_category=excluded.base_category;
DELETE FROM user_time_preferences WHERE zwid = 7135119;
INSERT INTO athletes (zwid, name, email, base_category, role) VALUES (2418694, 'Luca Centioni', 'lucacentioni@gmail.com', 'N/A', 'user') ON CONFLICT(zwid) DO UPDATE SET name=excluded.name, base_category=excluded.base_category;
DELETE FROM user_time_preferences WHERE zwid = 2418694;
INSERT INTO athletes (zwid, name, email, base_category, role) VALUES (1787843, 'Luca De Gregorio', 'lukart66@gmail.com', 'N/A', 'user') ON CONFLICT(zwid) DO UPDATE SET name=excluded.name, base_category=excluded.base_category;
DELETE FROM user_time_preferences WHERE zwid = 1787843;
INSERT INTO athletes (zwid, name, email, base_category, role) VALUES (1005113, 'Luca Miggiano', 'miggianoluca.mobile@gmail.com', 'N/A', 'user') ON CONFLICT(zwid) DO UPDATE SET name=excluded.name, base_category=excluded.base_category;
DELETE FROM user_time_preferences WHERE zwid = 1005113;
INSERT INTO athletes (zwid, name, email, base_category, role) VALUES (1121337, 'Luca Pastori', 'luca.pastori1989@gmail.com', 'N/A', 'user') ON CONFLICT(zwid) DO UPDATE SET name=excluded.name, base_category=excluded.base_category;
DELETE FROM user_time_preferences WHERE zwid = 1121337;
INSERT INTO athletes (zwid, name, email, base_category, role) VALUES (5265039, 'Manuel Magnotti', 'magnotti.manuel@gmail.com', 'N/A', 'user') ON CONFLICT(zwid) DO UPDATE SET name=excluded.name, base_category=excluded.base_category;
DELETE FROM user_time_preferences WHERE zwid = 5265039;
INSERT INTO athletes (zwid, name, email, base_category, role) VALUES (1101089, 'Marc Carrera', 'silvertomcat@hotmail.com', 'N/A', 'user') ON CONFLICT(zwid) DO UPDATE SET name=excluded.name, base_category=excluded.base_category;
DELETE FROM user_time_preferences WHERE zwid = 1101089;
INSERT INTO athletes (zwid, name, email, base_category, role) VALUES (1132368, 'Marcel Gode', 'pepetxins@gmail.com', 'N/A', 'user') ON CONFLICT(zwid) DO UPDATE SET name=excluded.name, base_category=excluded.base_category;
DELETE FROM user_time_preferences WHERE zwid = 1132368;
INSERT INTO athletes (zwid, name, email, base_category, role) VALUES (2454868, 'Marco Imola', 'mimolasport@gmail.com', 'N/A', 'user') ON CONFLICT(zwid) DO UPDATE SET name=excluded.name, base_category=excluded.base_category;
DELETE FROM user_time_preferences WHERE zwid = 2454868;
INSERT INTO athletes (zwid, name, email, base_category, role) VALUES (935456, 'Marco Leti', 'dott.marcoleti@gmail.com', 'N/A', 'user') ON CONFLICT(zwid) DO UPDATE SET name=excluded.name, base_category=excluded.base_category;
DELETE FROM user_time_preferences WHERE zwid = 935456;
INSERT INTO athletes (zwid, name, email, base_category, role) VALUES (6077381, 'Marco Zanocco', 'marco.zanocco@tiscali.it', 'N/A', 'user') ON CONFLICT(zwid) DO UPDATE SET name=excluded.name, base_category=excluded.base_category;
DELETE FROM user_time_preferences WHERE zwid = 6077381;
INSERT INTO athletes (zwid, name, email, base_category, role) VALUES (2018335, 'Mario Serino', '', 'N/A', 'user') ON CONFLICT(zwid) DO UPDATE SET name=excluded.name, base_category=excluded.base_category;
DELETE FROM user_time_preferences WHERE zwid = 2018335;
INSERT INTO athletes (zwid, name, email, base_category, role) VALUES (6345533, 'Mark Tighe', 'mark.tighe@hymans.co.uk', 'N/A', 'user') ON CONFLICT(zwid) DO UPDATE SET name=excluded.name, base_category=excluded.base_category;
DELETE FROM user_time_preferences WHERE zwid = 6345533;
INSERT INTO athletes (zwid, name, email, base_category, role) VALUES (1548408, 'Markus Amplatz', 'markus.amplatz@gmail.com', 'N/A', 'user') ON CONFLICT(zwid) DO UPDATE SET name=excluded.name, base_category=excluded.base_category;
DELETE FROM user_time_preferences WHERE zwid = 1548408;
INSERT INTO athletes (zwid, name, email, base_category, role) VALUES (3184906, 'Martin Rombach', 'atw78de@gmail.com', 'N/A', 'user') ON CONFLICT(zwid) DO UPDATE SET name=excluded.name, base_category=excluded.base_category;
DELETE FROM user_time_preferences WHERE zwid = 3184906;
INSERT INTO athletes (zwid, name, email, base_category, role) VALUES (5457066, 'Massimiliano Firmani', 'massimilianofirmani@alice.it', 'N/A', 'user') ON CONFLICT(zwid) DO UPDATE SET name=excluded.name, base_category=excluded.base_category;
DELETE FROM user_time_preferences WHERE zwid = 5457066;
INSERT INTO athletes (zwid, name, email, base_category, role) VALUES (6745513, 'Massimo Picozzi', 'massimo.picozzi@gmail.com', 'N/A', 'user') ON CONFLICT(zwid) DO UPDATE SET name=excluded.name, base_category=excluded.base_category;
DELETE FROM user_time_preferences WHERE zwid = 6745513;
INSERT INTO athletes (zwid, name, email, base_category, role) VALUES (5281288, 'Mathieu Baglan', 'mathieu.baglan24@orange.fr', 'N/A', 'user') ON CONFLICT(zwid) DO UPDATE SET name=excluded.name, base_category=excluded.base_category;
DELETE FROM user_time_preferences WHERE zwid = 5281288;
INSERT INTO athletes (zwid, name, email, base_category, role) VALUES (2686515, 'Matt Hartley', 'matthartley2508@yahoo.co.uk', 'N/A', 'user') ON CONFLICT(zwid) DO UPDATE SET name=excluded.name, base_category=excluded.base_category;
DELETE FROM user_time_preferences WHERE zwid = 2686515;
INSERT INTO athletes (zwid, name, email, base_category, role) VALUES (1839454, 'Matteo Crosa Lenz', 'mcrosalenz@libero.it', 'N/A', 'user') ON CONFLICT(zwid) DO UPDATE SET name=excluded.name, base_category=excluded.base_category;
DELETE FROM user_time_preferences WHERE zwid = 1839454;
INSERT INTO athletes (zwid, name, email, base_category, role) VALUES (4452175, 'Matteo Currà', 'ciurri90@gmail.com', 'N/A', 'user') ON CONFLICT(zwid) DO UPDATE SET name=excluded.name, base_category=excluded.base_category;
DELETE FROM user_time_preferences WHERE zwid = 4452175;
INSERT INTO athletes (zwid, name, email, base_category, role) VALUES (6853346, 'Matthieu De Smet', 'lesloupsdesterresdunord@outlook.fr', 'N/A', 'user') ON CONFLICT(zwid) DO UPDATE SET name=excluded.name, base_category=excluded.base_category;
DELETE FROM user_time_preferences WHERE zwid = 6853346;
INSERT INTO athletes (zwid, name, email, base_category, role) VALUES (6073767, 'Mattia Brocco', 'mattia.brocco@gmail.com', 'N/A', 'user') ON CONFLICT(zwid) DO UPDATE SET name=excluded.name, base_category=excluded.base_category;
DELETE FROM user_time_preferences WHERE zwid = 6073767;
INSERT INTO athletes (zwid, name, email, base_category, role) VALUES (4661355, 'Mattia Ferrini', 'mattiaferrini1998@gmail.com', 'N/A', 'user') ON CONFLICT(zwid) DO UPDATE SET name=excluded.name, base_category=excluded.base_category;
DELETE FROM user_time_preferences WHERE zwid = 4661355;
INSERT INTO athletes (zwid, name, email, base_category, role) VALUES (3196182, 'Mauro Abisso', 'oceanblue89@hotmail.it', 'N/A', 'user') ON CONFLICT(zwid) DO UPDATE SET name=excluded.name, base_category=excluded.base_category;
DELETE FROM user_time_preferences WHERE zwid = 3196182;
INSERT INTO athletes (zwid, name, email, base_category, role) VALUES (5577047, 'Mauro Nana', 'mauronana30@gmail.com', 'N/A', 'user') ON CONFLICT(zwid) DO UPDATE SET name=excluded.name, base_category=excluded.base_category;
DELETE FROM user_time_preferences WHERE zwid = 5577047;
INSERT INTO user_time_preferences (zwid, time_slot_id, preference_level) VALUES (5577047, '18:30', 2);
INSERT INTO user_time_preferences (zwid, time_slot_id, preference_level) VALUES (5577047, '19:00', 2);
INSERT INTO athletes (zwid, name, email, base_category, role) VALUES (4870988, 'Mauro Ottonelli', 'marmar49.m@libero.It', 'N/A', 'user') ON CONFLICT(zwid) DO UPDATE SET name=excluded.name, base_category=excluded.base_category;
DELETE FROM user_time_preferences WHERE zwid = 4870988;
INSERT INTO athletes (zwid, name, email, base_category, role) VALUES (1705274, 'Michael Sendner', 'msendner@web.de', 'N/A', 'user') ON CONFLICT(zwid) DO UPDATE SET name=excluded.name, base_category=excluded.base_category;
DELETE FROM user_time_preferences WHERE zwid = 1705274;
INSERT INTO athletes (zwid, name, email, base_category, role) VALUES (6064280, 'Michelangelo Ianzito', '', 'N/A', 'user') ON CONFLICT(zwid) DO UPDATE SET name=excluded.name, base_category=excluded.base_category;
DELETE FROM user_time_preferences WHERE zwid = 6064280;
INSERT INTO athletes (zwid, name, email, base_category, role) VALUES (4430242, 'Michele Bonometti', '', 'N/A', 'user') ON CONFLICT(zwid) DO UPDATE SET name=excluded.name, base_category=excluded.base_category;
DELETE FROM user_time_preferences WHERE zwid = 4430242;
INSERT INTO athletes (zwid, name, email, base_category, role) VALUES (2253341, 'Michele Viola', 'miky60@gmail.com', 'N/A', 'user') ON CONFLICT(zwid) DO UPDATE SET name=excluded.name, base_category=excluded.base_category;
DELETE FROM user_time_preferences WHERE zwid = 2253341;
INSERT INTO athletes (zwid, name, email, base_category, role) VALUES (5417875, 'Mick Summerfield', 'mike@salesblitz.com.au', 'N/A', 'user') ON CONFLICT(zwid) DO UPDATE SET name=excluded.name, base_category=excluded.base_category;
DELETE FROM user_time_preferences WHERE zwid = 5417875;
INSERT INTO athletes (zwid, name, email, base_category, role) VALUES (5702975, 'Mike Lucinsky', 'mnm8@xtra.co.nz', 'N/A', 'user') ON CONFLICT(zwid) DO UPDATE SET name=excluded.name, base_category=excluded.base_category;
DELETE FROM user_time_preferences WHERE zwid = 5702975;
INSERT INTO athletes (zwid, name, email, base_category, role) VALUES (2741332, 'Mirko Foltran', 'mirkofolt@gmail.com', 'N/A', 'user') ON CONFLICT(zwid) DO UPDATE SET name=excluded.name, base_category=excluded.base_category;
DELETE FROM user_time_preferences WHERE zwid = 2741332;
INSERT INTO athletes (zwid, name, email, base_category, role) VALUES (2040540, 'Mirko Pistolozzi', '', 'N/A', 'user') ON CONFLICT(zwid) DO UPDATE SET name=excluded.name, base_category=excluded.base_category;
DELETE FROM user_time_preferences WHERE zwid = 2040540;
INSERT INTO athletes (zwid, name, email, base_category, role) VALUES (139067, 'Nathan Penland', 'nathan.penland@gmail.com', 'N/A', 'user') ON CONFLICT(zwid) DO UPDATE SET name=excluded.name, base_category=excluded.base_category;
DELETE FROM user_time_preferences WHERE zwid = 139067;
INSERT INTO athletes (zwid, name, email, base_category, role) VALUES (1995551, 'Nathan Robertson', 'njrobertson75@gmail.com', 'N/A', 'user') ON CONFLICT(zwid) DO UPDATE SET name=excluded.name, base_category=excluded.base_category;
DELETE FROM user_time_preferences WHERE zwid = 1995551;
INSERT INTO athletes (zwid, name, email, base_category, role) VALUES (1789592, 'Nicola Montanari', 'nicomontanari83@gmail.com', 'N/A', 'user') ON CONFLICT(zwid) DO UPDATE SET name=excluded.name, base_category=excluded.base_category;
DELETE FROM user_time_preferences WHERE zwid = 1789592;
INSERT INTO athletes (zwid, name, email, base_category, role) VALUES (5327554, 'Norves Lazzarini', 'norves.lazzarini@libero.it', 'N/A', 'user') ON CONFLICT(zwid) DO UPDATE SET name=excluded.name, base_category=excluded.base_category;
DELETE FROM user_time_preferences WHERE zwid = 5327554;
INSERT INTO athletes (zwid, name, email, base_category, role) VALUES (4408468, 'Omar Pedretti', 'omarpedro@gmail.com', 'N/A', 'user') ON CONFLICT(zwid) DO UPDATE SET name=excluded.name, base_category=excluded.base_category;
DELETE FROM user_time_preferences WHERE zwid = 4408468;
INSERT INTO athletes (zwid, name, email, base_category, role) VALUES (1228600, 'Oskari Lehtovaara', 'oskarilehtovaara@gmail.com', 'N/A', 'user') ON CONFLICT(zwid) DO UPDATE SET name=excluded.name, base_category=excluded.base_category;
DELETE FROM user_time_preferences WHERE zwid = 1228600;
INSERT INTO athletes (zwid, name, email, base_category, role) VALUES (5526266, 'Paolo Baldas', 'baldaspaolo@gmail.com', 'N/A', 'user') ON CONFLICT(zwid) DO UPDATE SET name=excluded.name, base_category=excluded.base_category;
DELETE FROM user_time_preferences WHERE zwid = 5526266;
INSERT INTO athletes (zwid, name, email, base_category, role) VALUES (2124374, 'Paolo Casarini', 'p.casarini@tiscali.it', 'N/A', 'user') ON CONFLICT(zwid) DO UPDATE SET name=excluded.name, base_category=excluded.base_category;
DELETE FROM user_time_preferences WHERE zwid = 2124374;
INSERT INTO athletes (zwid, name, email, base_category, role) VALUES (1797268, 'Paolo Pellegrini', 'pellegrini.nazione@gmail.com', 'N/A', 'user') ON CONFLICT(zwid) DO UPDATE SET name=excluded.name, base_category=excluded.base_category;
DELETE FROM user_time_preferences WHERE zwid = 1797268;
INSERT INTO athletes (zwid, name, email, base_category, role) VALUES (5145191, 'Paolo Pontonio', 'pontonio.paolo@libero.it', 'N/A', 'user') ON CONFLICT(zwid) DO UPDATE SET name=excluded.name, base_category=excluded.base_category;
DELETE FROM user_time_preferences WHERE zwid = 5145191;
INSERT INTO athletes (zwid, name, email, base_category, role) VALUES (319194, 'Paolo Sebastiani', 'paolosebastiani0303@gmail.com', 'N/A', 'user') ON CONFLICT(zwid) DO UPDATE SET name=excluded.name, base_category=excluded.base_category;
DELETE FROM user_time_preferences WHERE zwid = 319194;
INSERT INTO athletes (zwid, name, email, base_category, role) VALUES (7513238, 'Patrick Kam', 'kampakyeungpatrick@gmail.com', 'N/A', 'user') ON CONFLICT(zwid) DO UPDATE SET name=excluded.name, base_category=excluded.base_category;
DELETE FROM user_time_preferences WHERE zwid = 7513238;
INSERT INTO athletes (zwid, name, email, base_category, role) VALUES (6047258, 'Paul Nixon', 'paulos.pedals@icloud.com', 'N/A', 'user') ON CONFLICT(zwid) DO UPDATE SET name=excluded.name, base_category=excluded.base_category;
DELETE FROM user_time_preferences WHERE zwid = 6047258;
INSERT INTO athletes (zwid, name, email, base_category, role) VALUES (3621244, 'Peter Brockhaus', 'peter.brockhaus@gmx.de', 'N/A', 'user') ON CONFLICT(zwid) DO UPDATE SET name=excluded.name, base_category=excluded.base_category;
DELETE FROM user_time_preferences WHERE zwid = 3621244;
INSERT INTO athletes (zwid, name, email, base_category, role) VALUES (4391995, 'Peter Swann', 'peter.hunnylodge@btinternet.com', 'N/A', 'user') ON CONFLICT(zwid) DO UPDATE SET name=excluded.name, base_category=excluded.base_category;
DELETE FROM user_time_preferences WHERE zwid = 4391995;
INSERT INTO athletes (zwid, name, email, base_category, role) VALUES (1678635, 'Piero Maretti', '', 'N/A', 'user') ON CONFLICT(zwid) DO UPDATE SET name=excluded.name, base_category=excluded.base_category;
DELETE FROM user_time_preferences WHERE zwid = 1678635;
INSERT INTO athletes (zwid, name, email, base_category, role) VALUES (2921513, 'Pietro Caroli', 'pipa.fa1967@gmail.com', 'N/A', 'user') ON CONFLICT(zwid) DO UPDATE SET name=excluded.name, base_category=excluded.base_category;
DELETE FROM user_time_preferences WHERE zwid = 2921513;
INSERT INTO athletes (zwid, name, email, base_category, role) VALUES (7448557, 'Pietro Tomasoni', 'pietrotomasoni97@gmail.com', 'N/A', 'user') ON CONFLICT(zwid) DO UPDATE SET name=excluded.name, base_category=excluded.base_category;
DELETE FROM user_time_preferences WHERE zwid = 7448557;
INSERT INTO athletes (zwid, name, email, base_category, role) VALUES (7568949, 'Piotr Chojnowski', 'pchojnowski37@googlemail.com', 'N/A', 'user') ON CONFLICT(zwid) DO UPDATE SET name=excluded.name, base_category=excluded.base_category;
DELETE FROM user_time_preferences WHERE zwid = 7568949;
INSERT INTO athletes (zwid, name, email, base_category, role) VALUES (463325, 'R. Riccio', 'iw4eqr@hotmail.com', 'N/A', 'user') ON CONFLICT(zwid) DO UPDATE SET name=excluded.name, base_category=excluded.base_category;
DELETE FROM user_time_preferences WHERE zwid = 463325;
INSERT INTO athletes (zwid, name, email, base_category, role) VALUES (3509403, 'Renato Coco', 'renato.coco@icloud.com', 'N/A', 'user') ON CONFLICT(zwid) DO UPDATE SET name=excluded.name, base_category=excluded.base_category;
DELETE FROM user_time_preferences WHERE zwid = 3509403;
INSERT INTO athletes (zwid, name, email, base_category, role) VALUES (1497252, 'Robert Boak', 'robertboak@live.co.uk', 'N/A', 'user') ON CONFLICT(zwid) DO UPDATE SET name=excluded.name, base_category=excluded.base_category;
DELETE FROM user_time_preferences WHERE zwid = 1497252;
INSERT INTO athletes (zwid, name, email, base_category, role) VALUES (4514178, 'Robert Schulz', 'ro_schulz@web.de', 'N/A', 'user') ON CONFLICT(zwid) DO UPDATE SET name=excluded.name, base_category=excluded.base_category;
DELETE FROM user_time_preferences WHERE zwid = 4514178;
INSERT INTO athletes (zwid, name, email, base_category, role) VALUES (5927549, 'Roberto Castori', 'rcastori_123@hotmail.com', 'N/A', 'user') ON CONFLICT(zwid) DO UPDATE SET name=excluded.name, base_category=excluded.base_category;
DELETE FROM user_time_preferences WHERE zwid = 5927549;
INSERT INTO athletes (zwid, name, email, base_category, role) VALUES (6944697, 'Roberto Cecconi', 'cecconiroberto@alice.it', 'N/A', 'user') ON CONFLICT(zwid) DO UPDATE SET name=excluded.name, base_category=excluded.base_category;
DELETE FROM user_time_preferences WHERE zwid = 6944697;
INSERT INTO athletes (zwid, name, email, base_category, role) VALUES (1464340, 'Roberto Crescini', 'robertocrescini@gmail.com', 'N/A', 'user') ON CONFLICT(zwid) DO UPDATE SET name=excluded.name, base_category=excluded.base_category;
DELETE FROM user_time_preferences WHERE zwid = 1464340;
INSERT INTO athletes (zwid, name, email, base_category, role) VALUES (1780581, 'Roberto Iarossi', '', 'N/A', 'user') ON CONFLICT(zwid) DO UPDATE SET name=excluded.name, base_category=excluded.base_category;
DELETE FROM user_time_preferences WHERE zwid = 1780581;
INSERT INTO athletes (zwid, name, email, base_category, role) VALUES (1047283, 'Roberto Vietti', 'robvietti@gmail.com', 'N/A', 'user') ON CONFLICT(zwid) DO UPDATE SET name=excluded.name, base_category=excluded.base_category;
DELETE FROM user_time_preferences WHERE zwid = 1047283;
INSERT INTO athletes (zwid, name, email, base_category, role) VALUES (2752564, 'Roman Hensel', 'roman@hensel.biz', 'N/A', 'user') ON CONFLICT(zwid) DO UPDATE SET name=excluded.name, base_category=excluded.base_category;
DELETE FROM user_time_preferences WHERE zwid = 2752564;
INSERT INTO athletes (zwid, name, email, base_category, role) VALUES (7670305, 'Rosario', 'arosario4150@icloud.com', 'N/A', 'user') ON CONFLICT(zwid) DO UPDATE SET name=excluded.name, base_category=excluded.base_category;
DELETE FROM user_time_preferences WHERE zwid = 7670305;
INSERT INTO athletes (zwid, name, email, base_category, role) VALUES (2708681, 'Rune Bruun Brodersen (The Mighty Shrimp)', 'rune.bruun.brodersen@gmail.com', 'N/A', 'user') ON CONFLICT(zwid) DO UPDATE SET name=excluded.name, base_category=excluded.base_category;
DELETE FROM user_time_preferences WHERE zwid = 2708681;
INSERT INTO athletes (zwid, name, email, base_category, role) VALUES (819162, 'Russell Young', 'russell.young92@gmail.com', 'N/A', 'user') ON CONFLICT(zwid) DO UPDATE SET name=excluded.name, base_category=excluded.base_category;
DELETE FROM user_time_preferences WHERE zwid = 819162;
INSERT INTO athletes (zwid, name, email, base_category, role) VALUES (3668635, 'Salvatore Cannazza', '', 'N/A', 'user') ON CONFLICT(zwid) DO UPDATE SET name=excluded.name, base_category=excluded.base_category;
DELETE FROM user_time_preferences WHERE zwid = 3668635;
INSERT INTO athletes (zwid, name, email, base_category, role) VALUES (83153, 'Sean Moore', 'sgmoore4568@sky.com', 'N/A', 'user') ON CONFLICT(zwid) DO UPDATE SET name=excluded.name, base_category=excluded.base_category;
DELETE FROM user_time_preferences WHERE zwid = 83153;
INSERT INTO athletes (zwid, name, email, base_category, role) VALUES (6965131, 'Sebastian Helm Andersen', 'seb.helm@hotmail.com', 'N/A', 'user') ON CONFLICT(zwid) DO UPDATE SET name=excluded.name, base_category=excluded.base_category;
DELETE FROM user_time_preferences WHERE zwid = 6965131;
INSERT INTO athletes (zwid, name, email, base_category, role) VALUES (5127808, 'Sebastian Reeck', 'sebastianreeck@hotmail.com', 'N/A', 'user') ON CONFLICT(zwid) DO UPDATE SET name=excluded.name, base_category=excluded.base_category;
DELETE FROM user_time_preferences WHERE zwid = 5127808;
INSERT INTO athletes (zwid, name, email, base_category, role) VALUES (6103212, 'Silvio Schuster', 'silvioschuster@o2online.de', 'N/A', 'user') ON CONFLICT(zwid) DO UPDATE SET name=excluded.name, base_category=excluded.base_category;
DELETE FROM user_time_preferences WHERE zwid = 6103212;
INSERT INTO athletes (zwid, name, email, base_category, role) VALUES (2606135, 'Simone Gentili', 'simonegentili2012@gmail.com', 'N/A', 'user') ON CONFLICT(zwid) DO UPDATE SET name=excluded.name, base_category=excluded.base_category;
DELETE FROM user_time_preferences WHERE zwid = 2606135;
INSERT INTO athletes (zwid, name, email, base_category, role) VALUES (4431468, 'Simone Mingolla', 'mingollasimone@gmail.com', 'N/A', 'user') ON CONFLICT(zwid) DO UPDATE SET name=excluded.name, base_category=excluded.base_category;
DELETE FROM user_time_preferences WHERE zwid = 4431468;
INSERT INTO athletes (zwid, name, email, base_category, role) VALUES (1069919, 'Srinivas Gokulnath', '', 'N/A', 'user') ON CONFLICT(zwid) DO UPDATE SET name=excluded.name, base_category=excluded.base_category;
DELETE FROM user_time_preferences WHERE zwid = 1069919;
INSERT INTO athletes (zwid, name, email, base_category, role) VALUES (1001244, 'Stefan Kentsch', 'stefan.kentsch@provinzial.de', 'N/A', 'user') ON CONFLICT(zwid) DO UPDATE SET name=excluded.name, base_category=excluded.base_category;
DELETE FROM user_time_preferences WHERE zwid = 1001244;
INSERT INTO athletes (zwid, name, email, base_category, role) VALUES (6012732, 'Stefano Bordi', 'stefanobordi63@yahoo.it', 'N/A', 'user') ON CONFLICT(zwid) DO UPDATE SET name=excluded.name, base_category=excluded.base_category;
DELETE FROM user_time_preferences WHERE zwid = 6012732;
INSERT INTO athletes (zwid, name, email, base_category, role) VALUES (2029876, 'Stefano Bortolot', 'stefano.bortolot@gmail.com', 'N/A', 'user') ON CONFLICT(zwid) DO UPDATE SET name=excluded.name, base_category=excluded.base_category;
DELETE FROM user_time_preferences WHERE zwid = 2029876;
INSERT INTO athletes (zwid, name, email, base_category, role) VALUES (227084, 'Stefano Caffari', 'caffarri.stefano@gmail.com', 'N/A', 'user') ON CONFLICT(zwid) DO UPDATE SET name=excluded.name, base_category=excluded.base_category;
DELETE FROM user_time_preferences WHERE zwid = 227084;
INSERT INTO athletes (zwid, name, email, base_category, role) VALUES (403323, 'Stefano Pierini', 'pierini.stefano@yahoo.it', 'N/A', 'user') ON CONFLICT(zwid) DO UPDATE SET name=excluded.name, base_category=excluded.base_category;
DELETE FROM user_time_preferences WHERE zwid = 403323;
INSERT INTO athletes (zwid, name, email, base_category, role) VALUES (88836, 'Stephen Stewart', 'stephen@stobo.com', 'N/A', 'user') ON CONFLICT(zwid) DO UPDATE SET name=excluded.name, base_category=excluded.base_category;
DELETE FROM user_time_preferences WHERE zwid = 88836;
INSERT INTO athletes (zwid, name, email, base_category, role) VALUES (1330223, 'Stuart Bulloch', 'stuart.sa.bulloch@dupont.com', 'N/A', 'user') ON CONFLICT(zwid) DO UPDATE SET name=excluded.name, base_category=excluded.base_category;
DELETE FROM user_time_preferences WHERE zwid = 1330223;
INSERT INTO athletes (zwid, name, email, base_category, role) VALUES (1105970, 'Tewe', 'wehner-walluf@t-online.de', 'N/A', 'user') ON CONFLICT(zwid) DO UPDATE SET name=excluded.name, base_category=excluded.base_category;
DELETE FROM user_time_preferences WHERE zwid = 1105970;
INSERT INTO athletes (zwid, name, email, base_category, role) VALUES (5797700, 'Thomas Borghese', '', 'N/A', 'user') ON CONFLICT(zwid) DO UPDATE SET name=excluded.name, base_category=excluded.base_category;
DELETE FROM user_time_preferences WHERE zwid = 5797700;
INSERT INTO athletes (zwid, name, email, base_category, role) VALUES (2425903, 'Tobi Klesen', 'tobias.klesen@gmx.de', 'N/A', 'user') ON CONFLICT(zwid) DO UPDATE SET name=excluded.name, base_category=excluded.base_category;
DELETE FROM user_time_preferences WHERE zwid = 2425903;
INSERT INTO athletes (zwid, name, email, base_category, role) VALUES (6272522, 'Tom Pritchard', 'tomtom41982@yahoo.co.uk', 'N/A', 'user') ON CONFLICT(zwid) DO UPDATE SET name=excluded.name, base_category=excluded.base_category;
DELETE FROM user_time_preferences WHERE zwid = 6272522;
INSERT INTO athletes (zwid, name, email, base_category, role) VALUES (5949065, 'Tomer Kenan', 'tomerke99@gmail.com', 'N/A', 'user') ON CONFLICT(zwid) DO UPDATE SET name=excluded.name, base_category=excluded.base_category;
DELETE FROM user_time_preferences WHERE zwid = 5949065;
INSERT INTO athletes (zwid, name, email, base_category, role) VALUES (537810, 'Tommaso Conforti', '', 'N/A', 'user') ON CONFLICT(zwid) DO UPDATE SET name=excluded.name, base_category=excluded.base_category;
DELETE FROM user_time_preferences WHERE zwid = 537810;
INSERT INTO athletes (zwid, name, email, base_category, role) VALUES (5063080, 'Toretto Eth', '', 'N/A', 'user') ON CONFLICT(zwid) DO UPDATE SET name=excluded.name, base_category=excluded.base_category;
DELETE FROM user_time_preferences WHERE zwid = 5063080;
INSERT INTO athletes (zwid, name, email, base_category, role) VALUES (4719640, 'Uli Extermann', '', 'N/A', 'user') ON CONFLICT(zwid) DO UPDATE SET name=excluded.name, base_category=excluded.base_category;
DELETE FROM user_time_preferences WHERE zwid = 4719640;
INSERT INTO athletes (zwid, name, email, base_category, role) VALUES (6465392, 'Ulisse Bellucci', '', 'N/A', 'user') ON CONFLICT(zwid) DO UPDATE SET name=excluded.name, base_category=excluded.base_category;
DELETE FROM user_time_preferences WHERE zwid = 6465392;
INSERT INTO athletes (zwid, name, email, base_category, role) VALUES (1720489, 'Wilfried Weitz', 'wilfried@weitz-online.de', 'N/A', 'user') ON CONFLICT(zwid) DO UPDATE SET name=excluded.name, base_category=excluded.base_category;
DELETE FROM user_time_preferences WHERE zwid = 1720489;
INSERT INTO athletes (zwid, name, email, base_category, role) VALUES (3011267, 'Wout van Wannabe', 'ole@dalner.dk', 'N/A', 'user') ON CONFLICT(zwid) DO UPDATE SET name=excluded.name, base_category=excluded.base_category;
DELETE FROM user_time_preferences WHERE zwid = 3011267;
INSERT INTO athletes (zwid, name, email, base_category, role) VALUES (2769745, 'Yann Le Boulaire', 'yann.leboulaire.bts2a@gmail.com', 'N/A', 'user') ON CONFLICT(zwid) DO UPDATE SET name=excluded.name, base_category=excluded.base_category;
DELETE FROM user_time_preferences WHERE zwid = 2769745;
INSERT INTO athletes (zwid, name, email, base_category, role) VALUES (1039041, 'J Ester', '4d.getty@gmail.com', 'N/A', 'user') ON CONFLICT(zwid) DO UPDATE SET name=excluded.name, base_category=excluded.base_category;
DELETE FROM user_time_preferences WHERE zwid = 1039041;
INSERT INTO athletes (zwid, name, email, base_category, role) VALUES (7590897, 'Mike Cox', 'djbanrock@yahoo.com', 'N/A', 'user') ON CONFLICT(zwid) DO UPDATE SET name=excluded.name, base_category=excluded.base_category;
DELETE FROM user_time_preferences WHERE zwid = 7590897;
PRAGMA foreign_keys = ON;
